BHK,Rent,Size,Area Type,City,Furnishing Status,Tenant Preferred,Bathroom,floor_number,total_floors
2,10000,1100,2,4,2,1,2,0,2
2,20000,800,2,4,1,1,1,1,3
2,17000,1000,2,4,1,1,1,1,3
2,10000,800,2,4,2,1,1,1,2
2,7500,850,1,4,2,0,1,1,2
2,7000,600,2,4,2,1,2,0,1
2,10000,700,2,4,2,0,2,0,4
1,5000,250,2,4,2,0,1,1,2
2,26000,800,1,4,2,0,2,1,2
2,10000,1000,1,4,1,1,2,1,3
3,25000,1200,1,4,1,1,2,1,4
1,5000,400,1,4,2,1,1,1,1
1,6500,250,1,4,0,0,1,1,4
1,5500,375,1,4,2,1,1,1,2
3,8500,900,1,4,2,0,2,0,2
3,40000,1286,1,4,0,1,2,1,1
2,6000,600,2,4,1,1,1,1,2
2,10000,800,2,4,2,1,1,0,2
2,11000,2000,1,4,2,1,1,0,3
2,6000,660,2,4,2,1,1,1,2
2,7900,650,1,4,2,2,1,1,2
2,9000,400,1,4,2,0,2,2,3
1,4000,300,1,4,2,1,1,0,4
3,6500,1600,2,4,2,1,1,0,2
1,8000,400,2,4,1,0,1,1,2
2,7000,1000,2,4,2,1,1,1,1
1,5300,355,1,4,1,1,1,1,1
2,6000,1000,2,4,1,1,1,0,3
2,8500,800,2,4,2,1,1,4,5
2,12500,850,2,4,2,1,2,0,2
1,7500,350,1,4,2,1,1,0,2
2,15000,900,1,4,2,1,2,0,2
2,6000,550,2,4,1,1,1,1,1
2,5000,500,1,4,2,1,2,0,2
3,22000,1100,1,4,2,1,1,2,3
2,15000,850,1,4,1,1,1,1,2
2,12500,800,1,4,2,0,1,2,2
2,7000,630,1,4,2,0,1,0,3
2,21000,900,1,4,1,0,2,1,2
1,10000,270,1,4,1,1,1,1,2
2,7200,630,1,4,1,1,1,0,1
3,12000,1500,1,4,0,0,2,0,2
1,5000,600,2,4,2,1,1,2,5
2,8500,700,1,4,1,1,1,4,14
1,6000,300,2,4,1,1,1,0,3
2,10000,1300,2,4,1,2,2,0,1
2,4600,400,1,4,1,0,1,3,3
2,12000,650,2,4,2,2,2,0,1
3,30000,2000,2,4,1,1,2,0,2
3,15000,1068,2,4,1,1,2,0,3
1,7500,150,2,4,0,1,1,1,1
1,7500,450,1,4,2,0,1,2,2
2,5000,800,1,4,2,1,1,0,1
2,15000,1000,2,4,2,1,2,0,2
2,11000,900,2,4,1,0,1,5,5
1,7000,600,1,4,2,1,1,0,2
2,6000,1200,2,4,2,1,1,1,1
2,6000,1200,2,4,1,0,2,2,2
2,7000,650,2,4,1,1,2,0,3
2,8500,720,1,4,1,1,2,4,4
1,5000,300,1,4,2,0,1,1,3
3,30000,1200,1,4,2,1,3,0,2
2,10000,700,1,4,2,1,2,7,8
3,30000,2000,2,4,1,1,2,1,3
1,3500,250,2,4,1,1,1,0,4
2,8000,1100,1,4,2,0,1,0,3
1,5000,300,1,4,2,1,1,0,2
2,7500,600,2,4,1,1,1,0,2
2,6500,800,1,4,2,1,1,0,2
1,7500,680,2,4,2,1,1,1,3
1,7500,680,2,4,2,1,1,0,2
2,16000,850,1,4,1,0,1,1,4
2,16000,850,1,4,1,0,1,1,2
2,6500,700,2,4,2,0,1,0,2
3,40000,1500,2,4,2,1,2,0,2
2,12500,950,2,4,1,1,2,1,4
2,5500,500,2,4,2,1,1,0,2
1,5000,450,1,4,1,1,1,2,4
2,6500,700,2,4,2,0,1,0,2
1,8000,500,2,4,2,1,1,1,2
3,14500,1800,2,4,1,1,2,0,2
1,8200,500,1,4,1,1,1,1,3
2,15000,480,1,4,0,1,2,0,3
6,20000,1000,2,4,1,1,2,1,1
2,6700,800,2,4,0,1,1,1,2
1,10000,435,2,4,2,1,1,2,3
2,7000,700,1,4,1,1,2,0,2
2,22000,800,2,4,0,1,1,4,4
2,6500,450,2,4,2,1,1,1,3
2,8500,550,1,4,1,1,1,2,3
2,18000,800,1,4,2,0,2,0,4
2,12000,550,1,4,1,2,2,0,2
1,9000,600,2,4,0,1,1,2,4
1,6000,500,2,4,2,1,1,0,1
2,20000,1000,2,4,0,1,2,1,2
1,5000,300,1,4,2,1,1,1,2
2,12000,1200,2,4,0,1,2,1,3
2,10000,500,1,4,1,1,1,3,4
4,18000,1200,2,4,2,2,2,1,2
2,15000,900,1,4,1,1,2,1,2
3,22000,1300,1,4,2,1,3,0,2
4,35000,1600,1,4,2,1,3,1,5
3,21000,1450,2,4,2,2,2,0,1
2,25000,1100,2,4,0,0,2,2,2
1,6000,600,1,4,2,1,1,8,5
2,14000,700,1,4,2,1,2,0,2
3,8000,750,2,4,2,2,1,0,2
2,8000,1000,2,4,2,1,1,0,1
1,6000,220,2,4,0,1,1,0,2
1,8000,300,1,4,1,0,1,1,3
1,6000,300,1,4,2,1,1,0,1
1,20000,700,2,4,1,1,1,1,2
3,12000,800,2,4,2,1,2,0,1
3,15000,1600,2,4,2,1,2,1,3
2,14000,1000,1,4,2,1,2,1,3
1,5000,20,2,4,2,1,1,2,3
2,7000,400,1,4,2,1,1,0,2
1,3900,200,2,4,0,1,1,2,2
3,14000,840,1,4,2,0,2,1,4
1,6300,300,1,4,2,1,1,1,1
2,13000,550,1,4,0,1,2,1,2
1,6800,300,1,4,2,1,1,1,2
2,8000,800,2,4,2,1,2,1,1
2,10000,740,1,4,2,0,1,0,6
2,18000,1300,2,4,2,1,2,1,1
2,8000,650,2,4,1,1,1,0,1
2,8000,490,2,4,1,1,1,1,1
1,4700,250,2,4,0,1,1,2,2
1,4700,250,2,4,0,1,1,0,1
1,4500,450,2,4,2,1,1,1,2
1,6000,300,1,4,1,1,1,0,1
2,16000,750,2,4,2,1,2,1,3
1,4700,250,2,4,0,1,1,1,2
2,14000,751,1,4,2,0,1,3,3
2,9000,900,1,4,1,0,1,0,2
2,5000,400,1,4,1,1,1,1,3
2,17500,1000,1,4,1,1,2,0,2
2,8500,1000,1,4,2,1,1,0,1
3,15000,1500,1,4,1,2,2,1,1
2,12500,750,1,4,2,1,2,1,3
1,13000,1200,2,4,1,1,1,2,4
2,8000,700,2,4,2,1,1,0,1
2,8000,700,1,4,0,1,1,4,4
2,8000,1000,2,4,1,1,1,0,2
2,7000,1200,2,4,2,1,2,1,3
2,2200,550,2,4,0,1,1,2,3
2,8000,800,1,4,2,0,1,0,4
2,5500,280,2,4,2,0,1,1,3
3,20000,1100,2,4,2,1,3,0,2
2,7000,950,2,4,2,1,1,0,2
1,3500,250,2,4,0,1,1,1,2
2,5000,1000,1,4,2,0,1,0,2
3,20000,1000,1,4,1,1,2,0,2
2,7000,650,2,4,2,1,1,0,2
2,10000,700,2,4,2,1,2,1,2
2,7000,700,1,4,2,0,1,0,3
3,12000,1000,2,4,1,1,2,0,3
2,14500,900,1,4,2,0,2,1,4
1,6000,700,2,4,2,1,1,1,2
2,9500,700,2,4,2,1,2,1,2
2,10000,450,1,4,1,1,2,2,1
1,3500,120,2,4,2,1,1,0,3
2,9000,800,2,4,1,1,2,1,2
3,40000,1220,1,4,2,1,2,2,3
3,16500,1100,2,4,2,1,1,0,3
3,8000,700,1,4,2,2,2,0,3
2,12000,800,2,4,0,1,1,0,3
2,6500,670,2,4,2,2,1,2,2
4,40000,1300,2,4,2,1,3,1,2
1,5000,190,2,4,1,1,1,0,2
2,9000,700,2,4,1,1,1,0,2
1,7000,240,1,4,2,0,1,0,4
2,18000,850,1,4,1,2,1,2,4
1,9000,950,2,4,2,1,2,1,2
1,5500,450,1,4,0,1,1,1,2
2,7500,800,1,4,2,0,1,0,2
2,4000,600,1,4,2,1,1,1,2
3,10500,800,1,4,2,0,2,2,2
3,15000,1100,1,4,2,1,2,0,2
2,15000,800,1,4,0,1,1,0,2
1,50000,2200,2,4,0,1,3,2,5
2,12000,950,1,4,2,0,2,1,1
2,11000,550,1,4,2,1,1,2,3
2,12000,1800,1,4,2,0,2,1,1
2,8000,1000,2,4,0,1,1,0,2
2,18000,600,2,4,1,1,2,0,3
2,8000,750,1,4,1,1,2,2,4
2,7000,685,2,4,2,1,1,2,3
1,6500,44,1,4,0,1,1,0,1
4,13000,1200,1,4,2,1,1,0,2
2,9000,500,1,4,2,0,1,0,2
4,10000,1110,1,4,2,1,2,2,2
2,12000,1000,2,4,2,1,2,1,3
2,5000,392,2,4,2,1,1,0,2
2,6000,700,2,4,2,1,1,1,2
1,5200,750,2,4,2,1,1,2,4
3,15000,1500,2,4,2,2,2,1,2
2,9000,900,2,4,2,1,2,0,1
1,24000,710,2,4,0,0,1,1,1
1,5500,400,1,4,2,1,1,0,3
1,10000,700,1,4,2,0,1,1,2
2,15000,1000,1,4,1,1,1,0,2
1,4700,250,2,4,0,1,1,1,2
1,5000,500,1,4,1,1,1,0,3
2,5000,450,1,4,1,1,1,2,2
3,15000,1400,2,4,2,1,1,1,3
1,5000,500,1,4,1,1,1,1,1
2,6000,700,1,4,2,1,1,0,1
3,18000,1200,1,4,1,1,1,1,3
2,8000,450,1,4,2,0,1,1,2
1,13000,500,1,4,0,0,1,2,2
2,7500,400,1,4,2,1,1,0,1
3,12000,1000,2,4,2,1,2,0,1
2,11000,750,1,4,2,0,1,0,1
1,6000,450,2,4,2,2,1,0,2
3,20000,1000,1,4,2,0,2,1,2
2,7000,500,1,4,2,0,2,1,1
4,30000,1600,1,4,2,0,2,0,1
2,7500,550,1,4,2,0,1,0,1
1,6500,550,2,4,2,1,2,1,2
1,3000,200,2,4,2,1,1,2,3
2,5200,650,1,4,2,0,1,1,2
2,25000,1000,2,4,0,1,2,1,1
2,12500,680,1,4,2,1,2,0,2
2,8500,720,1,4,2,1,2,0,1
2,3500,500,1,4,2,0,1,4,5
2,7000,800,2,4,2,1,1,0,2
1,3000,160,2,4,2,1,1,0,1
2,14000,1200,1,4,2,1,2,1,2
1,18000,700,2,4,0,1,1,0,4
1,3500,1000,2,4,1,1,1,0,1
2,16000,1250,2,4,2,1,2,0,1
4,35000,1600,2,4,2,1,3,0,3
2,21000,700,2,4,1,1,1,0,2
1,4500,450,2,4,2,1,1,0,2
2,15000,839,2,4,1,1,2,1,3
1,4500,230,2,4,2,1,1,0,3
1,5500,1800,2,4,2,1,1,0,2
2,8500,800,2,4,2,1,2,1,2
1,5000,500,1,4,1,1,1,0,1
2,8500,620,1,4,2,0,1,0,1
2,9000,650,1,4,2,1,1,2,3
1,7500,550,2,4,1,1,1,1,2
2,7000,450,1,4,0,0,2,1,3
3,15000,1350,1,4,2,2,2,1,2
2,7000,600,2,4,1,1,2,2,2
3,10000,1200,2,4,0,1,1,2,4
2,7000,700,2,4,2,1,1,1,2
3,3200,800,1,4,0,1,2,1,3
2,6000,600,1,4,1,1,1,0,3
2,12000,900,2,4,2,1,2,1,3
2,6000,750,2,4,2,1,1,0,1
3,10000,1250,2,4,2,1,2,1,2
3,12000,1000,2,4,1,1,3,2,2
2,8000,600,2,4,1,1,1,0,2
2,5300,650,1,4,2,1,1,1,1
2,5000,450,1,4,2,0,1,2,3
3,8500,800,2,4,2,1,2,0,2
3,22000,1000,1,4,1,1,2,0,3
2,7000,1000,2,4,2,1,1,0,3
3,25000,1400,1,4,0,0,3,5,5
2,7000,600,1,4,1,0,1,1,4
2,15000,723,1,4,0,2,1,0,3
1,6000,320,1,4,2,1,1,0,2
2,8000,900,2,4,1,1,1,0,3
3,40000,1400,1,4,0,1,2,0,2
1,6000,2160,2,4,1,0,1,1,2
2,15000,650,1,4,1,1,1,0,2
2,6500,800,2,4,1,1,1,1,1
3,8000,800,2,4,1,1,1,2,3
1,5500,500,1,4,2,1,1,0,2
3,9000,1700,2,4,1,1,2,1,2
1,6000,130,1,4,1,1,1,0,2
1,15000,505,2,4,0,1,1,0,3
4,30000,4000,2,4,0,1,3,0,3
3,30000,1250,2,4,2,1,2,0,2
1,5000,700,1,4,2,1,1,0,2
2,15000,900,2,4,2,0,1,0,1
1,6500,650,2,4,1,1,1,1,1
2,4500,750,2,4,0,1,1,0,1
2,7000,450,1,4,2,1,1,0,3
1,6500,350,1,4,1,1,1,1,2
1,17500,480,1,4,0,0,2,1,2
2,10000,900,2,4,2,1,1,0,3
1,1500,200,2,4,1,1,1,0,2
3,25000,1100,2,4,2,1,3,2,3
2,12000,800,1,4,2,1,1,1,2
3,7500,1000,1,4,0,1,2,0,2
1,7000,800,1,4,2,1,1,1,2
1,3500,200,2,4,1,1,1,-1,1
3,10000,1190,1,4,2,1,2,1,2
2,14000,900,1,4,2,0,2,0,2
2,15000,1500,2,4,2,1,2,0,2
2,6500,600,2,4,2,1,1,2,3
3,10000,800,2,4,2,1,1,0,4
2,10500,800,1,4,2,2,2,1,2
3,10000,900,1,4,1,1,2,0,3
1,5000,350,1,4,1,1,1,0,3
2,9000,800,1,4,2,1,1,0,2
2,20000,1600,1,4,2,0,2,0,3
3,35000,1012,1,4,1,1,2,2,3
3,15000,1200,1,4,2,0,2,0,2
2,20000,700,2,4,0,1,1,1,2
2,12000,1000,2,4,1,1,1,1,3
2,8000,800,1,4,2,0,1,0,3
1,3000,500,2,4,1,1,1,0,1
3,20000,1200,1,4,1,0,2,0,1
1,9000,450,1,4,2,0,1,0,2
3,13000,950,1,4,2,1,2,0,2
1,7000,350,1,4,2,1,1,0,2
1,9000,450,1,4,2,1,1,0,3
1,9000,550,1,4,1,0,1,0,2
2,10000,300,1,4,2,0,1,0,1
3,15000,1250,2,4,1,1,2,0,3
2,7000,700,2,4,2,1,1,2,3
3,8000,812,2,4,2,1,2,0,3
2,8000,550,2,4,2,1,1,0,2
1,5000,500,2,4,1,1,1,0,1
1,14000,320,1,4,0,0,1,1,2
2,5000,600,2,4,2,1,1,0,2
2,5000,420,1,4,2,0,1,0,2
3,12000,1100,2,4,2,0,1,0,2
1,3200,220,2,4,2,1,1,3,4
2,8500,700,1,4,1,1,2,0,2
3,16000,1200,1,4,2,1,2,0,2
2,14000,800,1,4,2,1,2,0,3
1,8000,300,1,4,0,0,1,0,1
2,7000,650,1,4,2,1,1,0,2
1,8000,600,2,4,0,1,1,1,2
1,3000,350,2,4,2,1,1,0,3
1,3800,500,1,4,2,0,1,1,3
1,6500,400,2,4,2,1,1,1,1
3,20000,1750,2,4,1,1,3,0,3
3,30000,1600,2,4,2,1,2,3,3
1,8000,300,1,4,1,1,1,0,2
2,14000,1100,2,4,1,1,2,1,3
2,7200,830,2,4,2,1,1,0,3
2,7000,600,1,4,1,1,2,0,2
1,7000,500,2,4,2,0,2,1,2
2,7500,900,1,4,2,1,1,1,2
2,8500,1250,1,4,2,2,2,0,1
2,12000,700,1,4,2,0,1,0,2
1,8500,850,1,4,2,0,2,0,1
2,9500,550,1,4,2,1,1,0,1
2,7500,550,1,4,0,1,2,0,1
2,12000,1200,2,4,2,1,1,0,1
3,20000,1100,1,4,2,0,2,0,1
2,8500,650,2,4,1,1,1,0,1
3,20000,1050,1,4,2,0,2,0,1
2,6000,960,2,4,1,1,2,0,2
2,5500,650,1,4,2,1,2,1,1
1,7000,550,2,4,1,1,1,0,2
2,7000,500,2,4,1,1,2,0,1
1,6500,450,2,4,2,2,1,3,4
2,10000,850,2,4,2,0,2,1,2
1,5200,300,1,4,2,1,1,0,3
2,13000,1000,1,4,1,1,3,1,2
2,7000,500,1,4,2,1,1,1,3
2,12000,756,1,4,1,1,1,0,3
1,15000,1000,2,4,2,1,1,2,3
1,5000,150,1,4,2,1,1,1,2
1,8000,800,1,4,2,0,1,0,2
2,8000,700,2,4,2,0,2,2,3
1,5000,420,2,4,2,0,1,3,3
2,10000,800,2,4,2,0,1,0,1
2,12000,288,1,4,2,0,1,2,3
2,8000,900,2,4,2,1,2,0,1
2,21000,850,1,4,2,0,2,1,1
1,5000,350,1,4,2,0,1,1,1
2,9000,600,2,4,2,1,1,0,2
2,8000,1600,1,4,1,0,1,0,2
2,7000,986,1,4,2,0,1,2,3
3,35000,1330,1,4,2,0,2,1,3
3,15000,1300,2,4,1,1,2,0,3
2,6200,800,1,4,2,0,1,0,2
2,9900,800,1,4,2,1,1,1,4
2,7000,850,2,4,2,0,1,0,3
1,5000,322,1,4,2,1,1,1,3
2,6500,800,1,4,0,1,1,0,2
4,40000,1500,1,4,2,0,2,0,2
3,40000,3500,2,4,1,1,2,1,2
2,12000,957,1,4,0,0,2,1,2
1,6500,850,1,4,2,0,1,1,3
2,10000,900,1,4,2,0,2,0,2
2,15000,600,2,4,1,1,1,0,2
1,5000,350,1,4,1,1,1,0,5
2,7000,800,2,4,2,1,1,0,2
2,6000,320,1,4,2,1,1,1,2
3,15000,800,1,4,2,1,1,0,4
2,10000,700,1,4,1,0,2,1,1
2,22000,1200,2,4,1,1,2,1,2
2,8500,750,1,4,1,1,1,1,2
3,35000,1200,2,4,1,1,3,0,3
2,7000,450,1,4,2,1,1,0,4
3,8500,1430,2,4,1,1,1,0,2
2,6000,450,2,4,2,1,1,1,3
4,35000,800,2,4,1,1,3,0,1
1,6000,400,2,4,2,1,1,1,2
2,8000,650,2,4,2,1,1,1,2
1,5000,450,1,4,2,1,1,1,2
2,6000,600,2,4,2,1,1,0,4
3,15000,1200,1,4,2,2,2,1,3
2,9000,700,1,4,2,0,1,3,3
1,5000,300,1,4,2,0,1,0,1
3,8000,1200,2,4,2,1,3,1,4
3,35000,1300,1,4,2,0,2,0,1
1,5500,400,2,4,2,1,1,0,1
3,35000,1320,1,4,2,0,2,0,2
2,11000,1000,2,4,0,1,2,0,1
2,10000,700,1,4,2,0,1,1,2
2,6500,800,1,4,2,1,2,0,2
2,6000,900,2,4,0,1,1,0,3
3,36125,1700,2,4,2,1,2,0,2
2,6800,600,1,4,2,0,1,0,2
2,8500,850,1,4,2,2,2,1,2
2,5000,550,1,4,2,0,1,1,3
1,6500,650,1,4,0,1,1,0,2
1,6500,800,1,4,2,1,1,0,1
2,4500,475,2,4,2,1,1,0,2
1,6000,200,1,4,2,1,1,0,1
1,10000,400,1,4,2,1,1,0,2
1,12000,500,2,4,0,1,1,0,2
2,12000,550,1,4,2,1,1,2,3
2,12000,800,2,4,2,1,1,1,2
2,9000,1000,2,4,0,1,2,2,3
1,5000,400,1,4,1,0,1,0,5
1,6000,300,1,4,2,1,1,1,2
2,5500,450,1,4,2,1,1,1,1
2,5500,450,1,4,2,1,1,1,2
2,8500,1100,1,4,2,1,2,0,1
1,5000,450,2,4,2,1,1,2,2
2,23000,1100,1,4,2,0,2,0,2
2,5500,650,1,4,2,1,1,2,2
2,8500,780,1,4,2,0,1,0,2
3,22000,1100,2,4,1,1,2,0,2
1,5500,800,2,4,2,1,1,2,3
1,7000,500,2,4,1,1,2,0,2
1,5000,400,1,4,2,0,1,3,5
1,5000,450,1,4,2,1,1,1,1
2,6500,550,2,4,2,1,1,0,1
2,8000,600,1,4,2,1,1,1,2
1,5500,200,2,4,2,1,1,1,3
2,6000,500,1,4,1,1,1,1,2
1,5500,450,1,4,2,0,1,0,3
2,10000,1050,2,4,2,1,2,0,1
3,10000,1000,1,4,2,0,2,2,5
2,10000,1200,2,4,1,1,2,0,3
3,12000,1100,2,4,1,2,2,1,1
1,5200,220,2,4,2,1,1,0,2
1,4000,350,2,4,2,1,1,1,1
3,30000,1100,1,4,2,0,1,0,3
2,5146,800,2,4,2,1,1,0,2
2,12000,950,2,4,2,1,1,0,2
3,7000,1200,2,4,2,1,1,0,3
2,8500,700,2,4,1,1,1,0,2
1,7000,500,2,4,2,1,1,1,3
2,9500,570,2,4,2,1,1,0,3
2,8000,650,2,4,2,1,1,2,3
3,15000,1200,2,4,2,1,3,1,2
5,22500,960,2,4,2,1,2,0,1
2,12500,1250,2,4,1,1,2,1,2
3,34000,120,2,4,0,1,2,2,5
3,14000,950,1,4,1,1,2,1,2
1,9500,600,1,4,2,1,1,1,2
2,7000,750,2,4,2,1,1,2,2
3,20000,1200,2,4,2,1,2,3,3
1,6500,400,1,4,1,1,1,0,2
1,7500,600,1,4,0,1,1,0,2
2,6500,700,2,4,2,1,1,0,2
2,9500,850,2,4,1,1,1,0,3
1,1800,500,2,4,1,1,1,0,1
2,7500,650,1,4,2,1,1,0,2
2,10000,800,2,4,1,1,2,0,3
3,15000,830,2,4,2,1,2,3,4
2,7000,600,2,4,2,0,1,0,2
2,6000,800,2,4,2,1,1,1,2
2,14000,1200,2,4,1,2,2,0,1
2,22000,1000,2,4,0,1,2,0,2
2,18000,750,1,4,2,1,2,0,2
2,10000,800,1,4,2,0,2,0,3
2,6000,1200,2,4,2,1,2,0,3
2,10000,750,1,4,2,1,1,4,4
3,10000,1500,2,4,1,1,2,11,19
1,5000,300,2,4,2,1,1,1,3
3,10000,800,1,4,2,0,1,0,2
2,7000,450,2,4,2,1,2,0,2
4,10000,1200,2,4,0,1,2,5,10
2,6000,500,2,4,1,1,2,11,14
2,18000,900,1,4,1,1,2,0,1
2,8000,460,1,4,2,0,1,0,2
2,8000,530,2,4,1,2,1,2,3
2,13000,650,1,4,1,1,2,0,4
2,20000,700,1,4,1,0,2,0,1
2,6000,400,2,4,2,1,1,2,3
2,12000,1000,2,4,2,1,2,0,2
1,10000,400,1,4,1,0,1,0,2
2,14000,700,1,4,2,0,2,0,3
2,10000,850,1,4,1,0,2,1,4
2,10500,558,1,4,2,1,2,3,3
2,6000,800,2,4,2,1,1,3,4
2,12000,900,1,4,2,1,2,1,2
3,14000,1600,2,4,0,1,2,1,3
1,3700,150,1,4,2,0,1,1,5
3,40000,1600,1,4,2,0,2,0,3
3,25000,1000,2,4,2,1,1,2,4
1,2200,700,2,4,2,1,1,1,3
1,3300,175,2,4,2,1,1,0,2
1,5000,450,2,4,1,1,1,0,1
3,60000,1700,1,4,1,0,3,1,3
2,6000,425,1,4,2,1,1,2,3
3,7000,900,2,4,1,1,3,1,2
1,5000,400,1,4,2,1,1,4,4
2,11000,600,2,4,2,1,1,0,2
2,10000,721,2,4,0,1,2,3,4
3,22000,1150,1,4,2,1,2,1,2
3,65000,2210,1,4,2,1,3,0,2
2,7500,675,2,4,2,1,1,0,2
2,45000,1320,2,4,0,1,2,-1,1
1,5000,250,1,4,2,1,1,0,2
2,12000,720,2,4,2,0,2,0,1
5,25000,1880,1,4,2,0,2,2,2
3,18000,850,1,4,1,1,3,1,1
2,25000,1050,1,4,2,1,2,1,1
1,25000,320,2,5,1,1,1,2,7
2,70000,750,1,5,0,1,2,4,10
1,45000,450,1,5,0,1,1,7,10
3,75000,1100,1,5,2,2,3,2,13
1,14000,640,2,5,0,1,1,6,7
1,60000,650,2,5,2,0,1,4,7
1,22000,460,2,5,2,1,1,2,8
1,33000,480,1,5,1,0,2,2,4
1,32000,500,1,5,0,0,2,1,4
1,30000,490,1,5,1,0,2,2,4
1,49000,620,2,5,0,1,1,2,3
2,28000,518,1,5,1,1,2,5,12
2,33500,700,1,5,1,1,2,4,7
2,85000,777,1,5,1,1,2,18,24
2,35000,650,1,5,2,2,2,6,7
1,21000,425,1,5,2,1,2,11,21
1,22000,270,2,5,2,1,1,14,23
2,100000,850,1,5,1,0,2,4,7
2,60000,888,1,5,1,1,2,9,20
2,8000,650,1,5,1,2,2,-1,1
1,20000,275,1,5,2,0,1,19,24
2,20000,700,1,5,1,2,2,3,21
1,25000,375,2,5,2,1,1,1,22
1,14000,424,2,5,1,1,1,3,7
1,19411,400,2,5,0,1,2,8,8
1,23000,450,1,5,0,1,1,6,12
2,32000,586,2,5,1,1,1,0,4
2,68000,610,1,5,0,1,2,1,5
1,30000,488,1,5,1,1,2,-1,1
2,44000,722,1,5,1,1,2,34,48
1,20000,450,1,5,2,1,1,5,8
1,25000,500,2,5,1,1,2,2,8
2,40000,680,1,5,0,0,2,5,14
2,43000,1150,1,5,2,1,2,14,40
2,44000,830,1,5,0,0,2,2,2
1,75000,550,1,5,0,1,1,5,7
1,32000,470,1,5,1,2,2,6,7
1,16000,410,1,5,1,2,2,9,22
2,65000,710,1,5,1,1,2,11,14
2,45000,750,1,5,1,1,2,12,18
2,57000,800,1,5,2,1,2,6,7
1,27000,435,1,5,2,1,2,3,7
1,57000,500,1,5,1,1,1,26,44
2,55000,800,1,5,0,1,2,1,8
1,40000,540,1,5,1,2,2,2,4
2,95000,1050,1,5,2,1,2,25,42
2,85000,700,1,5,1,1,2,25,41
2,80000,600,1,5,0,1,1,2,5
1,13000,300,2,5,2,1,2,0,7
1,28000,550,1,5,2,0,2,3,4
3,89000,932,1,5,1,1,3,14,20
1,28000,450,1,5,2,1,2,13,20
2,13000,600,1,5,2,1,2,2,4
1,24000,424,1,5,2,1,2,16,23
2,38000,560,1,5,0,0,2,0,3
1,32000,450,1,5,2,0,2,10,18
1,40000,600,1,5,0,2,2,3,7
2,45000,630,1,5,2,0,2,10,32
1,30000,320,2,5,0,2,1,12,24
3,75000,1150,1,5,2,1,3,32,41
2,47000,751,1,5,1,2,2,3,30
2,14000,570,1,5,0,2,2,4,7
2,55000,696,1,5,1,1,2,13,21
3,70000,1150,1,5,2,1,3,7,41
3,62000,950,1,5,0,1,3,6,7
2,42000,750,1,5,2,0,2,11,21
3,20000,737,1,5,1,0,3,13,15
2,41000,750,1,5,2,0,2,6,21
2,65000,760,1,5,1,1,2,4,7
2,50000,750,1,5,1,1,2,8,16
2,85000,650,1,5,1,0,2,2,6
2,50000,1000,2,5,1,1,2,4,7
1,30000,570,1,5,2,1,1,0,3
2,60000,760,1,5,2,2,2,3,11
3,84500,1150,1,5,2,2,3,10,12
3,80000,1100,1,5,1,2,3,8,28
3,50000,1000,1,5,0,1,3,9,15
2,40000,720,1,5,2,0,2,14,22
1,34000,365,1,5,0,2,1,18,40
1,25000,400,1,5,2,1,1,2,13
3,85000,850,1,5,1,2,3,25,35
2,40000,700,1,5,1,1,2,2,6
2,50000,900,1,5,1,0,2,7,15
2,38000,650,1,5,0,2,2,10,16
2,50000,680,1,5,2,1,2,5,14
3,65000,950,1,5,1,1,3,-1,1
1,32000,565,2,5,2,1,2,1,8
1,26000,450,1,5,2,1,1,4,8
2,60000,710,1,5,1,1,2,5,18
3,100000,1080,1,5,2,1,3,5,8
2,35000,700,1,5,2,2,2,5,8
3,68000,890,1,5,2,1,2,11,19
1,18000,300,2,5,1,1,1,4,6
2,55000,720,1,5,2,1,2,5,7
3,65000,825,1,5,0,2,3,20,22
2,80000,500,1,5,0,1,2,1,5
2,53000,750,1,5,1,1,2,12,19
2,80000,750,1,5,1,1,2,15,18
1,18000,360,1,5,0,1,1,3,7
1,17500,400,1,5,2,1,1,4,4
3,43000,750,1,5,2,2,2,6,16
1,13500,432,1,5,2,2,2,5,8
2,18000,780,1,5,2,2,2,17,22
2,75000,695,1,5,1,1,1,4,7
1,18000,375,1,5,2,1,1,6,24
1,32000,475,1,5,1,2,2,4,4
2,55000,790,1,5,2,1,2,9,15
2,47000,661,1,5,1,1,2,19,38
2,35000,700,1,5,1,1,2,5,7
1,15000,420,1,5,1,2,1,6,7
2,50000,750,1,5,2,1,2,5,7
2,25500,950,2,5,1,1,3,0,4
3,55000,1350,1,5,0,1,3,11,28
1,25000,330,2,5,1,2,1,4,6
2,50000,750,1,5,2,1,2,8,16
2,65000,925,1,5,0,1,3,10,22
3,50000,1150,1,5,1,2,3,17,24
3,65000,1105,1,5,2,1,3,15,19
1,25000,410,1,5,1,0,1,4,8
1,32000,460,1,5,2,1,2,7,12
1,21000,600,2,5,1,1,1,2,2
1,20000,570,2,5,0,1,2,6,7
2,55000,720,1,5,0,1,2,8,20
1,32000,500,1,5,1,0,2,4,4
1,30000,415,1,5,2,0,2,5,8
1,27000,270,1,5,2,1,1,1,4
2,47000,585,1,5,1,1,2,7,8
1,27000,550,1,5,0,2,2,4,7
2,100000,1200,2,5,0,1,2,6,11
2,45002,600,1,5,1,1,2,9,17
2,48000,700,1,5,1,1,2,8,15
1,18000,385,1,5,2,1,1,11,20
1,7500,500,1,5,1,0,1,2,2
2,50000,850,1,5,1,1,2,10,23
3,55000,900,1,5,1,2,2,-1,1
1,26000,400,1,5,2,1,1,4,7
2,17000,600,1,5,2,0,2,7,23
2,40000,750,1,5,1,2,2,5,8
2,43000,628,1,5,2,1,2,4,11
2,21000,630,1,5,1,2,2,8,12
2,40000,650,1,5,2,1,2,3,7
2,40000,845,2,5,0,1,2,7,8
2,20000,900,2,5,1,1,2,7,7
2,60000,807,1,5,2,0,2,14,58
2,35000,1100,2,5,1,1,2,0,3
2,6500,790,2,5,2,1,2,3,7
1,15000,380,1,5,2,1,1,19,19
2,38000,650,1,5,2,2,2,4,10
2,35000,800,1,5,1,2,2,9,20
2,32000,830,2,5,1,1,2,13,14
1,16000,410,1,5,2,0,1,0,4
1,33000,428,1,5,1,1,2,7,11
1,8500,550,2,5,1,1,1,3,5
2,60000,630,1,5,2,0,2,11,22
1,20000,550,2,5,2,0,2,5,7
1,38000,450,1,5,2,1,2,4,8
2,100000,750,1,5,2,1,2,-1,1
2,65000,800,1,5,1,1,2,12,14
3,80000,1050,1,5,0,2,3,16,31
2,85000,850,1,5,0,0,2,1,8
3,55000,950,1,5,2,1,3,2,12
1,23000,435,1,5,1,0,2,9,22
3,95000,1300,1,5,1,0,4,8,16
2,40000,650,2,5,2,1,2,0,4
1,25000,380,1,5,1,1,1,3,4
2,55000,860,1,5,1,2,2,9,20
2,46000,680,1,5,1,1,2,4,7
1,22000,433,1,5,2,0,2,2,7
2,55100,710,1,5,1,1,2,10,22
2,65000,700,1,5,0,0,2,5,7
1,33000,550,1,5,2,1,1,0,4
1,33000,350,2,5,2,1,1,0,5
1,25000,490,2,5,1,1,1,7,8
3,100000,1286,1,5,2,1,5,7,21
1,33000,425,1,5,2,1,2,5,7
2,35000,550,1,5,1,0,2,7,7
3,80000,950,1,5,2,1,3,17,25
1,10000,425,1,5,1,0,2,9,14
3,92500,1000,1,5,0,1,3,6,7
2,57000,710,1,5,1,1,2,15,18
1,29999,433,1,5,1,1,2,8,20
2,42000,650,1,5,0,0,2,8,15
2,24000,600,2,5,1,1,1,1,5
2,35000,850,2,5,1,2,2,3,6
1,14000,305,1,5,2,0,1,6,24
2,45000,490,1,5,0,1,2,2,3
2,36000,690,1,5,1,0,2,4,8
2,53500,635,1,5,2,1,2,17,20
3,80000,1100,1,5,0,1,2,18,22
1,7500,250,2,5,2,1,1,1,7
2,95000,750,1,5,2,0,2,2,7
2,45000,700,1,5,1,1,2,4,7
1,60000,500,1,5,0,1,1,9,10
1,40000,390,1,5,2,1,1,4,12
2,50000,935,2,5,0,1,2,2,6
2,36000,535,1,5,2,1,2,12,16
1,25000,350,1,5,2,0,2,10,24
3,61000,1550,1,5,1,1,3,5,20
3,70000,1100,1,5,0,1,3,7,10
3,42000,950,1,5,2,1,3,5,7
1,27000,400,1,5,2,1,1,1,7
2,60000,700,1,5,0,0,2,3,4
3,85000,850,2,5,0,1,2,3,4
2,75000,900,1,5,0,1,2,7,9
2,55000,700,1,5,0,1,2,10,11
1,18000,330,2,5,2,1,1,20,22
1,19000,225,2,5,2,1,1,18,25
1,18500,225,1,5,1,0,1,4,7
1,35000,463,1,5,0,1,2,5,7
2,70000,1000,1,5,1,1,2,15,23
1,35000,450,1,5,1,0,2,6,10
2,45000,700,1,5,2,0,2,5,17
1,30000,355,1,5,2,1,1,2,7
3,50000,1325,1,5,0,1,3,3,28
2,50000,950,2,5,0,1,2,4,8
1,42000,600,2,5,1,1,1,5,24
2,19500,905,1,5,1,1,2,16,32
3,90000,1500,1,5,0,1,3,6,10
1,60000,455,1,5,2,1,1,18,22
2,55000,850,1,5,1,0,2,3,3
3,40000,1100,2,5,2,2,2,21,22
1,40000,430,1,5,2,1,2,4,8
2,36000,650,1,5,1,1,2,10,12
2,45000,795,1,5,2,1,2,7,13
2,100000,800,1,5,0,1,2,9,12
1,42000,700,2,5,0,1,1,15,32
1,45000,450,1,5,0,2,2,5,7
2,40000,575,1,5,1,1,2,4,7
2,50000,650,1,5,0,0,3,0,3
1,11000,200,2,5,0,1,1,4,4
2,50000,1200,2,5,1,1,2,2,4
1,34000,656,2,5,2,1,2,16,23
3,93000,1600,1,5,1,2,3,18,27
3,69999,950,1,5,2,2,3,7,12
2,48000,719,1,5,1,2,2,14,20
3,55000,1100,1,5,2,0,3,15,16
2,40000,650,1,5,1,1,2,15,15
2,75000,720,1,5,1,1,2,6,14
2,23000,670,2,5,1,1,2,1,20
3,55000,925,1,5,2,0,2,16,36
4,80000,1450,1,5,2,1,4,30,44
1,40000,420,1,5,1,2,2,5,7
2,35000,650,1,5,2,1,2,5,8
2,33003,700,1,5,0,2,2,3,7
2,65000,935,2,5,1,1,2,2,4
2,45000,980,1,5,1,1,2,0,5
2,55000,700,1,5,0,0,3,4,6
2,56000,720,1,5,1,1,2,12,22
2,55000,750,1,5,1,0,2,1,7
2,28000,700,1,5,0,1,2,4,12
1,50000,413,1,5,0,1,1,5,6
2,8000,890,1,5,2,1,2,4,4
3,75000,1200,1,5,1,1,3,5,12
3,83000,1100,1,5,0,0,3,9,20
1,32000,420,1,5,1,2,2,1,3
2,39000,630,1,5,2,2,2,6,7
1,25000,450,1,5,1,0,2,5,7
3,90000,1350,1,5,2,2,3,5,12
2,95000,825,1,5,0,0,2,17,22
1,30000,550,2,5,1,1,1,2,4
1,18500,430,1,5,2,2,1,5,7
1,18000,320,1,5,0,1,1,5,7
3,75000,1100,1,5,1,1,3,4,12
3,100000,1250,1,5,0,1,3,6,18
2,45000,710,1,5,2,1,2,8,16
2,20000,400,1,5,0,1,1,3,3
3,85000,1000,1,5,1,1,4,16,25
1,40000,500,2,5,1,1,1,3,6
1,15000,225,1,5,2,0,1,0,4
2,40000,650,1,5,0,1,2,12,19
2,48000,670,1,5,1,2,2,4,16
2,15000,610,1,5,1,0,1,0,6
1,28000,400,1,5,0,1,2,1,5
1,25000,340,1,5,2,1,1,13,23
2,34000,471,1,5,1,0,2,9,38
1,75000,550,1,5,0,1,2,6,8
2,45000,630,1,5,1,1,1,8,13
1,35000,500,2,5,1,1,2,1,8
1,32000,400,1,5,0,1,1,3,7
2,17000,1000,2,5,2,1,2,3,7
2,35000,650,1,5,1,1,2,5,7
1,8500,500,1,5,2,0,1,6,7
3,80000,850,1,5,1,1,2,19,30
1,55000,550,1,5,1,0,1,13,14
1,25000,430,1,5,2,2,2,7,21
3,40000,1030,1,5,0,2,3,10,14
1,15500,250,1,5,2,1,1,11,24
1,45000,500,1,5,2,0,2,9,16
2,51000,985,1,5,2,1,2,7,15
3,60000,1050,1,5,2,0,3,12,13
2,36000,700,1,5,2,1,2,4,15
3,75000,1000,1,5,0,1,3,6,12
2,8000,550,1,5,2,2,2,3,9
3,50000,806,2,5,1,1,2,2,4
3,100000,1400,1,5,0,1,3,22,30
1,16500,470,1,5,1,2,2,11,14
1,4500,475,2,5,2,1,1,3,4
2,34000,583,1,5,2,2,2,10,23
2,32000,475,1,5,2,0,2,8,12
2,50000,900,1,5,0,2,2,1,8
1,24000,500,1,5,1,1,1,3,7
2,62000,806,1,5,2,1,3,3,58
1,100000,400,1,5,0,1,1,9,10
1,21000,650,2,5,1,1,2,6,10
1,27000,550,2,5,1,1,2,4,15
1,10000,390,1,5,2,1,1,3,4
2,90000,994,1,5,1,1,2,2,2
1,8000,520,2,5,1,1,2,6,8
1,75000,575,1,5,1,2,1,1,9
1,15000,470,1,5,1,2,2,5,22
3,62000,1100,1,5,1,2,3,15,22
1,43500,480,1,5,0,1,2,6,7
2,62000,750,1,5,2,1,2,12,16
2,77500,724,1,5,1,0,2,19,21
1,30000,600,1,5,0,1,1,5,5
1,20000,800,2,5,2,1,2,3,4
1,55000,500,1,5,2,1,2,1,7
2,70000,700,1,5,1,0,2,0,8
2,65000,700,1,5,0,0,2,4,9
1,18000,225,1,5,2,0,2,18,24
1,48000,485,1,5,0,1,2,8,17
1,10000,225,2,5,2,1,1,7,8
1,32000,478,1,5,1,1,2,4,11
3,32000,1200,2,5,1,1,3,4,5
2,36000,620,1,5,1,2,2,3,14
1,22000,280,1,5,2,1,1,3,7
1,5500,385,1,5,2,2,1,3,9
3,15000,704,1,5,2,1,2,5,17
2,40000,710,1,5,2,1,2,3,4
1,28000,525,2,5,2,1,1,2,8
1,11000,390,1,5,1,1,1,0,4
2,40000,755,1,5,1,0,2,12,31
2,45000,700,1,5,2,1,2,3,7
2,36000,650,1,5,2,2,2,3,4
1,59000,470,1,5,1,0,1,26,42
1,40000,450,1,5,1,1,2,3,8
2,40000,625,2,5,1,1,2,6,10
2,72000,700,1,5,0,0,2,3,9
2,40000,600,1,5,2,2,2,4,10
2,16000,600,1,5,2,2,1,2,3
2,50000,1100,2,5,0,1,4,14,22
1,24000,370,1,5,1,2,1,5,8
2,65000,950,1,5,1,1,2,2,45
2,33000,825,2,5,2,1,2,12,13
2,27000,650,1,5,2,0,2,2,7
2,52000,750,1,5,1,1,2,2,9
3,95000,900,1,5,1,2,3,4,9
2,68000,805,1,5,1,1,3,12,68
2,48000,742,1,5,2,2,2,17,36
2,32000,550,1,5,1,1,2,4,7
2,42000,745,1,5,1,1,2,10,11
2,60000,800,1,5,0,2,2,2,7
3,51500,1265,1,5,2,2,3,10,28
1,25000,325,1,5,0,1,1,17,24
2,85000,902,1,5,1,1,2,41,41
3,98000,1233,1,5,1,1,4,14,68
2,100000,750,2,5,0,1,2,0,6
2,65000,600,1,5,2,0,2,14,17
1,23000,500,2,5,2,1,1,3,9
2,40000,600,1,5,2,1,2,15,20
3,45000,950,1,5,2,1,3,15,17
1,40000,680,2,5,0,1,4,5,7
1,23500,400,1,5,2,1,1,1,7
1,22000,430,1,5,2,2,1,4,6
2,75000,700,1,5,1,0,3,4,7
2,41000,780,1,5,2,1,2,14,18
2,53000,750,1,5,0,1,2,5,18
2,65000,850,1,5,0,1,2,10,31
1,48000,500,1,5,0,0,1,4,9
2,75000,900,2,5,2,1,2,10,15
2,39000,750,1,5,1,2,2,1,3
3,70000,1100,1,5,1,1,2,18,22
1,25000,596,2,5,1,1,1,1,7
2,45000,680,1,5,2,0,2,3,4
1,35000,510,1,5,1,1,1,3,4
1,60000,500,1,5,0,1,1,5,7
1,15000,375,2,5,2,1,1,13,16
1,39000,500,1,5,0,2,1,2,7
3,84000,1000,1,5,0,1,3,18,21
3,68000,1260,1,5,2,2,3,27,58
1,26000,475,1,5,2,1,2,8,20
2,42000,620,1,5,1,2,2,6,11
1,35000,490,1,5,0,1,1,1,6
2,44000,710,1,5,1,1,2,13,18
2,60000,720,1,5,2,1,2,4,7
2,45000,770,1,5,1,0,2,2,12
1,65000,500,1,5,0,1,1,0,5
1,20000,350,2,5,2,1,1,1,8
2,75000,1000,2,5,1,1,2,3,15
2,45000,660,1,5,1,0,2,25,43
1,9400,600,2,5,1,1,1,4,6
2,100000,900,1,5,0,1,2,2,12
2,65000,750,1,5,0,1,2,2,3
1,20000,280,1,5,1,1,1,11,24
2,75000,694,1,5,1,1,2,1,7
3,100000,1740,2,5,0,1,4,21,22
2,55000,750,1,5,0,1,2,8,14
3,70000,1000,1,5,1,1,3,12,20
1,30000,500,2,5,0,1,1,3,4
1,75000,550,1,5,0,1,2,7,10
1,14000,270,1,5,2,0,1,6,7
3,40000,1200,2,5,1,2,2,2,4
2,46000,710,1,5,2,1,2,15,18
1,27000,472,1,5,1,0,2,13,14
2,95000,1000,1,5,1,1,2,10,13
2,94000,800,1,5,1,2,2,14,18
2,40000,650,1,5,2,0,2,7,11
2,30000,600,1,5,2,1,2,2,5
2,95000,750,1,5,0,0,2,7,10
1,14000,421,1,5,2,1,1,3,4
3,100000,1300,1,5,1,2,3,12,24
1,35000,350,2,5,2,1,1,2,3
2,57000,800,1,5,1,1,2,5,20
2,45000,650,1,5,1,1,2,5,6
1,11000,650,2,5,0,1,2,18,19
2,50000,650,1,5,1,1,2,10,20
2,35000,680,1,5,2,1,2,12,20
2,100000,800,1,5,0,1,2,1,5
1,52000,475,1,5,2,1,1,10,18
2,28000,600,1,5,2,1,2,1,5
1,18000,450,2,5,2,1,1,2,4
1,30000,400,2,5,2,0,1,3,6
3,45000,985,1,5,2,2,3,-1,1
2,58000,650,1,5,1,2,2,15,24
2,65000,805,1,5,1,1,3,48,68
1,24000,650,2,5,1,1,1,3,4
1,54500,515,1,5,2,1,1,12,42
3,70000,1000,1,5,1,1,2,15,20
3,67000,1050,1,5,1,2,3,6,8
2,75000,777,1,5,0,1,2,17,22
2,45000,831,1,5,2,2,2,16,22
3,98000,1233,1,5,1,1,4,35,68
1,16000,250,1,5,2,1,1,4,10
2,95000,900,1,5,1,0,2,18,30
2,40000,753,1,5,2,1,2,11,31
2,80000,670,1,5,2,0,2,5,17
2,44000,880,1,5,2,0,2,12,27
2,65000,935,2,5,1,1,2,2,7
2,50000,751,1,5,1,1,2,16,20
1,6000,200,2,5,2,1,1,0,5
1,46000,500,1,5,0,2,1,6,8
1,35000,430,1,5,0,1,1,15,23
3,75000,1088,1,5,1,1,3,16,37
1,20000,330,1,5,1,1,1,4,8
1,25000,400,1,5,2,1,1,-1,1
2,29500,700,1,5,2,1,2,2,7
3,53000,1000,1,5,1,1,2,16,32
2,85000,750,1,5,1,1,2,11,27
1,26000,450,1,5,2,0,2,6,10
1,33000,640,2,5,0,1,2,11,23
3,70000,850,2,5,2,0,3,5,8
1,17000,330,1,5,1,1,1,0,7
2,37000,685,1,5,1,0,2,10,18
1,27000,400,1,5,2,0,2,6,10
1,35500,500,1,5,0,1,2,8,13
1,24000,550,1,5,2,0,1,2,4
2,18500,650,1,5,2,2,2,3,12
2,70000,1050,1,5,0,1,2,14,15
3,55000,850,1,5,2,0,3,6,7
1,24000,550,1,5,2,0,1,0,4
2,55000,750,1,5,0,1,2,5,8
2,50000,800,1,5,1,1,2,5,8
3,90100,975,1,5,1,1,2,29,35
3,57000,1325,1,5,0,1,4,15,36
2,40000,700,2,5,1,1,2,3,6
2,80000,700,1,5,0,2,2,3,8
2,95000,850,1,5,1,1,2,15,25
1,14000,305,1,5,2,0,1,10,24
2,50000,850,1,5,2,1,2,8,10
2,43000,724,1,5,2,1,2,6,11
2,55000,650,1,5,0,0,2,8,16
2,35000,650,1,5,2,2,2,5,7
2,33000,700,1,5,2,0,2,15,28
2,47000,785,1,5,0,1,2,4,7
3,75000,1250,1,5,1,2,3,15,20
4,45000,1016,1,5,2,1,3,3,36
1,36000,380,1,5,2,1,2,12,20
1,40000,475,1,5,2,0,1,18,23
1,40000,444,1,5,2,0,2,8,11
2,32000,640,1,5,2,1,2,6,20
1,17000,320,1,5,2,1,1,23,23
3,77000,1100,1,5,2,1,4,16,21
2,35000,650,1,5,1,1,2,6,8
1,40000,508,1,5,1,1,2,16,18
2,47000,720,1,5,2,0,2,-1,1
2,50000,750,2,5,2,1,2,0,5
1,32000,430,1,5,2,2,1,2,3
2,8000,623,1,5,2,2,2,6,7
3,85000,1000,1,5,1,1,3,4,11
3,65000,1100,1,5,2,0,3,25,28
3,75000,1255,1,5,0,1,3,12,17
1,26500,450,1,5,0,2,2,5,8
2,45000,650,1,5,0,1,2,3,7
2,95000,955,1,5,1,0,2,34,40
2,38000,700,1,5,2,1,2,-1,1
2,40000,625,1,5,1,0,2,6,14
2,85000,870,1,5,0,1,2,5,21
2,40000,750,1,5,2,2,2,2,8
2,45000,750,2,5,0,0,2,2,8
2,52000,550,1,5,0,1,2,3,9
4,90000,1250,1,5,0,2,4,2,7
3,65000,1000,1,5,1,1,3,5,10
2,50000,770,1,5,2,1,2,4,14
2,54000,800,1,5,2,2,2,3,7
1,60000,550,1,5,0,0,2,12,20
2,65000,800,1,5,2,2,2,10,14
2,35000,615,1,5,2,2,2,6,14
2,43000,663,1,5,2,1,2,25,43
1,20000,400,1,5,1,1,1,3,4
2,57000,625,1,5,0,0,2,9,18
1,25000,425,1,5,2,0,1,3,5
2,56000,649,1,5,1,0,2,5,22
2,55000,905,1,5,2,0,2,10,37
2,18000,882,2,5,2,0,2,10,22
3,100000,1200,1,5,0,1,3,4,15
2,76000,736,1,5,2,2,2,16,36
1,45000,225,1,5,2,0,1,3,6
2,39000,720,1,5,2,1,2,-1,1
1,12500,555,2,5,2,0,1,6,7
1,35000,415,2,5,2,1,1,2,7
2,55000,649,1,5,1,0,2,4,22
3,90000,1000,1,5,0,0,2,3,3
2,25000,1065,2,5,0,1,2,15,15
2,90000,854,1,5,1,1,2,15,20
1,55000,500,1,5,2,0,1,8,18
3,70000,906,1,5,1,1,3,7,10
2,25000,500,1,5,0,1,1,1,3
1,35000,450,2,5,2,1,1,2,7
1,27000,495,2,5,0,1,2,5,7
1,25000,407,2,5,2,1,2,5,23
2,32000,610,1,5,2,2,2,11,18
1,40000,500,2,5,0,1,2,13,14
2,52000,750,1,5,2,1,2,4,20
2,80000,750,1,5,0,0,2,6,16
2,55000,850,1,5,0,1,2,6,10
1,30000,350,1,5,2,1,1,5,16
1,20000,300,1,5,1,1,1,2,12
1,85000,695,1,5,0,1,2,2,7
1,40000,415,1,5,1,1,2,15,22
1,21000,450,1,5,2,0,2,3,13
3,43000,850,1,5,2,2,3,8,14
2,58000,805,1,5,1,1,3,30,58
2,46000,669,1,5,2,0,2,15,43
1,6500,325,1,5,2,2,1,7,16
1,21000,600,2,5,0,1,1,5,6
2,46000,725,1,5,2,1,2,-1,1
2,60000,750,1,5,1,1,2,5,9
3,65000,1050,1,5,1,0,3,13,21
2,15000,600,1,5,2,1,2,18,28
3,90000,1110,1,5,0,1,3,9,55
2,62000,650,1,5,2,2,2,11,25
3,80000,1100,1,5,2,1,3,15,28
3,80000,1110,1,5,1,1,3,49,55
3,55000,999,1,5,1,2,2,14,23
3,100000,1000,1,5,0,1,3,2,4
3,100000,1256,1,5,0,2,3,10,22
2,79500,750,1,5,1,2,2,17,20
3,84500,889,1,5,1,1,2,7,27
2,100000,750,1,5,1,1,2,14,27
1,13000,385,1,5,2,2,1,6,20
4,100000,1454,1,5,2,1,4,5,7
1,35000,480,1,5,1,2,2,1,7
2,72000,660,1,5,1,1,2,12,22
1,26000,434,1,5,1,1,2,5,22
3,72000,1121,1,5,2,1,3,7,14
1,8000,620,2,5,1,1,2,6,8
1,52000,470,1,5,1,1,2,6,7
1,13000,410,1,5,2,2,1,2,7
3,45000,850,1,5,2,2,3,5,7
2,63000,888,1,5,0,1,2,12,20
1,7500,380,1,5,2,0,2,3,7
1,30000,360,1,5,2,1,1,4,20
1,28500,565,2,5,0,1,2,1,8
3,100000,2000,2,5,1,1,4,25,50
2,38000,661,1,5,1,1,2,17,36
1,26000,450,1,5,2,2,2,9,20
3,70000,1300,1,5,2,0,3,6,30
2,41000,600,1,5,0,2,2,4,8
2,27000,900,2,5,1,1,3,0,4
1,53000,379,1,5,1,0,1,21,23
2,65000,805,1,5,1,2,3,8,58
1,85000,650,2,5,0,1,2,3,8
1,6000,500,2,5,1,1,2,8,10
1,43000,480,1,5,0,2,2,5,7
2,65000,550,2,5,1,1,2,1,7
3,98000,1400,1,5,1,2,2,4,15
3,65000,1050,1,5,2,0,3,3,62
3,85000,920,1,5,2,2,3,4,13
1,40000,450,1,5,1,1,1,8,13
1,23000,440,1,5,1,0,1,0,4
3,55000,932,2,5,2,1,3,3,8
1,15000,270,1,5,2,0,2,15,15
1,52000,379,1,5,1,0,2,23,23
2,13000,582,1,5,0,2,2,5,8
2,95000,800,1,5,1,1,2,6,8
1,25000,444,1,5,2,1,2,7,17
1,21000,428,1,5,2,1,1,12,21
2,60000,888,1,5,1,1,2,5,20
1,19000,490,2,5,2,1,1,0,8
2,30000,710,1,5,2,2,2,12,21
2,80000,836,1,5,2,1,2,6,23
2,85000,1200,1,5,1,1,3,36,45
2,65000,950,1,5,0,1,2,9,28
1,33000,460,1,5,1,1,2,10,25
1,36000,585,2,5,1,1,2,10,14
2,22000,550,1,5,0,2,2,2,7
1,17000,375,1,5,2,1,1,9,20
2,55000,700,1,5,0,1,2,10,20
2,66000,750,1,5,2,2,2,2,8
2,32000,750,2,5,1,1,2,3,7
2,45000,730,1,5,2,2,2,5,17
2,50000,750,1,5,1,1,2,10,20
1,18500,229,2,5,1,1,1,5,9
2,51000,910,1,5,2,0,2,10,19
3,80000,1100,1,5,2,2,3,48,54
1,30000,560,1,5,2,0,2,2,4
2,85000,850,1,5,2,1,2,4,6
1,15000,450,2,5,2,2,1,2,4
2,50000,820,1,5,1,1,2,7,28
2,60000,750,1,5,2,1,2,10,20
1,23000,410,1,5,2,1,1,4,7
1,14500,490,1,5,2,1,2,12,20
2,40000,700,1,5,2,1,2,11,15
1,80000,560,1,5,0,1,1,1,7
2,55000,650,1,5,2,1,2,8,18
1,12000,520,2,5,1,1,1,2,3
2,45000,850,1,5,2,1,2,9,12
2,90000,777,1,5,0,1,2,19,22
2,43000,771,1,5,2,1,2,15,37
1,22000,400,1,5,2,1,1,3,7
2,20000,600,1,5,0,2,2,7,7
1,26000,390,1,5,1,1,2,-1,1
1,34999,450,1,5,0,1,2,5,12
1,35000,500,2,5,1,1,2,7,23
1,50000,410,1,5,1,1,1,6,12
1,16000,160,1,5,2,1,1,2,3
2,55000,750,1,5,2,1,2,10,14
1,39000,585,2,5,2,2,2,3,7
3,100000,1300,1,5,1,2,3,12,24
1,25000,350,1,5,0,1,1,2,17
1,25000,490,2,5,1,1,2,3,7
2,49500,650,1,5,2,2,2,5,16
1,21000,225,1,5,2,1,1,6,24
1,21000,385,2,5,2,1,1,0,5
2,46700,800,1,5,2,2,2,2,7
1,18000,300,2,5,2,1,1,3,10
3,80000,1800,2,5,1,1,3,10,13
2,88000,800,1,5,1,1,2,5,20
3,90000,890,1,5,0,2,2,20,27
2,38000,700,1,5,2,1,2,14,23
1,20000,465,2,5,1,0,1,3,4
3,78000,1073,1,5,1,1,3,8,20
1,21000,450,2,5,2,1,1,4,7
3,95000,1350,1,5,0,1,3,8,16
2,90000,800,1,5,0,1,2,5,8
2,34000,600,1,5,2,0,2,4,7
2,55000,650,1,5,2,1,2,5,15
2,52000,550,1,5,0,0,2,3,3
1,74999,840,1,5,2,1,2,8,17
3,75000,1121,1,5,0,1,2,30,45
2,45000,650,1,5,2,1,2,2,12
1,22000,575,2,5,2,1,1,14,14
1,32000,475,2,5,0,1,1,3,4
2,34000,830,1,5,1,1,2,9,21
1,23000,420,1,5,1,1,2,5,7
1,20000,310,1,5,2,0,1,0,7
3,90000,967,1,5,0,1,3,14,33
1,55000,505,1,5,1,1,1,4,12
1,15000,275,2,5,2,1,1,3,7
2,22000,640,1,5,1,2,2,21,21
3,60000,1500,1,5,1,1,3,10,23
2,49000,850,1,5,1,1,2,10,23
2,34000,900,1,5,1,1,2,12,25
1,24000,430,1,5,0,1,2,6,7
3,69000,1100,1,5,2,1,3,12,24
2,32000,680,1,5,2,2,2,5,20
2,24000,600,1,5,1,0,2,5,7
4,100000,1560,1,5,2,1,4,12,19
2,45000,771,1,5,2,1,2,20,37
2,80000,800,1,5,1,1,2,7,22
2,37000,800,2,5,1,0,2,5,14
1,25000,475,1,5,2,0,2,11,15
1,26000,650,2,5,1,1,1,1,3
2,27000,600,1,5,2,0,2,18,20
1,26000,649,2,5,2,1,1,3,3
2,60000,950,1,5,0,0,2,2,8
1,12000,225,1,5,2,2,1,7,7
1,30000,330,1,5,0,2,1,13,40
3,100000,1200,1,5,0,1,3,8,14
3,70000,920,1,5,2,1,3,14,21
2,20000,630,1,5,2,2,2,4,22
2,22000,670,1,5,0,2,2,4,12
1,32000,450,2,5,0,1,1,1,5
1,20000,265,2,5,2,1,1,6,7
2,50000,600,1,5,1,1,2,9,11
2,29000,670,1,5,2,2,2,7,7
2,45000,650,1,5,1,1,2,10,18
1,6500,422,1,5,1,2,2,9,15
2,55000,955,1,5,2,1,2,8,22
3,69999,1100,1,5,0,1,3,6,13
1,18500,300,1,5,2,0,1,3,4
2,50000,900,1,5,1,1,2,5,17
2,45000,785,1,5,2,0,2,2,7
3,85000,1350,1,5,0,2,3,20,31
2,85000,900,1,5,1,1,2,27,45
1,25000,400,1,5,2,0,1,18,23
2,75000,800,1,5,1,0,3,19,20
1,20000,625,2,5,1,1,1,10,12
2,30000,720,1,5,1,1,2,5,14
2,75000,750,1,5,0,1,2,4,13
2,70000,660,1,5,1,1,2,0,6
2,32000,700,1,5,0,1,2,0,7
1,22000,377,2,5,2,1,2,3,23
2,35000,650,1,5,1,2,2,5,6
2,47000,650,1,5,2,1,2,5,7
2,31000,700,2,5,1,1,2,2,8
1,60000,430,1,5,0,1,1,1,7
2,58000,650,1,5,2,2,2,15,24
3,85000,890,1,5,0,1,2,4,27
2,45000,965,2,5,2,1,2,19,27
1,7500,630,2,5,1,1,2,3,12
2,80000,730,1,5,1,1,2,4,6
3,75000,1380,1,5,1,1,3,9,22
3,66000,1100,1,5,1,1,3,17,22
1,45000,450,1,5,1,0,1,5,7
1,22000,500,2,5,2,1,1,3,4
3,65000,1100,1,5,1,0,3,9,20
3,55000,868,1,5,2,2,3,9,21
2,55000,750,1,5,1,1,2,6,15
1,36000,540,2,5,2,1,2,2,3
1,22000,450,1,5,1,2,2,4,7
1,34000,560,2,5,1,0,2,3,7
1,45000,500,1,5,2,0,1,2,3
1,14000,305,1,5,2,1,1,2,24
3,75000,970,1,5,0,1,2,1,3
1,7000,480,1,5,2,1,1,4,4
2,55000,720,1,5,1,1,2,1,6
2,55000,950,1,5,1,2,2,7,10
2,42000,774,1,5,1,2,2,10,20
1,27000,450,2,5,2,2,1,2,3
3,60000,1000,1,5,1,0,3,1,10
1,17000,340,2,5,1,1,1,1,8
1,30000,430,1,5,1,1,2,14,23
2,45000,722,1,5,2,1,2,4,7
3,90000,1152,1,5,0,1,2,12,21
1,25000,641,2,5,2,1,1,3,8
2,70000,810,1,5,0,1,2,4,11
2,90000,800,1,5,0,2,2,5,6
2,20000,700,2,5,2,2,2,8,22
1,35000,420,2,5,1,1,1,0,3
3,80000,1400,1,5,0,1,3,1,2
2,54500,758,1,5,1,1,2,12,24
1,45000,480,1,5,0,1,2,7,7
1,38000,550,1,5,2,0,2,6,10
2,90000,900,1,5,1,0,2,60,71
1,22000,400,2,5,2,1,1,8,22
2,70000,760,1,5,1,1,2,9,22
1,50000,400,1,5,1,1,1,10,22
2,40000,800,2,5,1,1,2,1,3
2,32000,590,1,5,2,2,2,7,12
2,78000,600,1,5,1,1,2,14,22
2,45000,670,1,5,2,1,2,17,22
2,65000,960,1,5,1,1,2,16,38
2,65000,1500,2,5,1,1,3,4,4
1,35000,500,2,5,1,1,1,1,5
3,90000,1120,1,5,0,2,2,8,45
3,70000,3354,1,0,0,1,3,0,16
2,10500,800,2,0,1,1,2,3,4
2,13000,1000,2,0,1,1,2,0,4
2,17000,1040,2,0,0,1,2,4,4
3,21000,1403,2,0,1,1,3,1,4
2,10000,600,2,0,0,1,1,3,4
4,61500,2608,1,0,1,0,3,1,4
2,13000,850,1,0,1,2,2,1,3
1,7500,400,2,0,2,1,1,1,2
2,17000,1000,2,0,1,1,2,3,4
3,25000,1350,1,0,1,0,3,5,14
2,10500,800,1,0,1,1,2,1,2
1,8000,350,2,0,1,1,1,3,3
1,9500,900,2,0,1,1,1,0,2
3,50000,2000,1,0,1,1,3,1,2
2,13000,700,2,0,1,1,2,1,4
1,13500,600,2,0,1,1,1,1,4
2,13000,700,1,0,1,1,1,0,1
1,15000,600,2,0,1,0,1,2,4
2,15000,1400,2,0,0,1,3,0,1
1,7000,600,2,0,2,1,1,0,3
2,25000,770,2,0,0,1,2,8,32
2,17000,900,1,0,1,2,2,1,2
1,7500,500,2,0,0,1,1,0,3
2,15000,1100,2,0,2,1,2,1,2
1,7500,500,2,0,1,1,1,1,2
3,25000,1260,2,0,0,1,3,0,2
3,54000,1750,1,0,1,1,3,2,4
1,14500,600,1,0,1,0,1,1,3
1,4500,450,2,0,1,1,1,0,3
2,10500,800,2,0,1,1,1,3,4
1,5500,400,2,0,2,1,1,0,2
2,16000,600,1,0,2,0,2,1,2
1,7000,400,2,0,2,1,1,0,2
2,12500,900,2,0,0,1,2,0,3
2,10000,1200,2,0,1,1,1,0,4
2,18000,1045,1,0,1,0,2,1,2
3,28000,1021,1,0,0,0,3,10,10
3,12000,1200,2,0,2,1,2,0,4
2,13000,1000,1,0,2,1,1,1,3
2,50000,1280,1,0,0,1,2,2,12
1,7000,450,1,0,1,1,1,1,2
2,30000,450,2,0,2,1,2,2,3
1,10000,600,2,0,1,1,2,3,4
2,15000,800,2,0,1,1,2,2,3
1,7500,500,2,0,2,1,1,2,4
3,45000,1680,2,0,1,1,3,7,19
3,65000,2000,1,0,1,0,3,23,40
1,12000,500,1,0,1,0,1,1,4
1,7000,500,1,0,1,0,1,2,2
1,9000,800,2,0,2,1,1,2,3
2,23000,1100,2,0,1,2,2,2,3
2,30000,1200,2,0,1,1,2,3,4
1,8000,500,1,0,2,1,1,2,3
2,16000,1155,2,0,1,2,2,3,4
1,7500,440,2,0,1,1,1,3,4
2,20000,1040,1,0,1,1,2,1,7
3,30000,1200,2,0,1,1,2,1,2
3,20000,1600,2,0,1,2,3,2,3
4,84000,3150,1,0,2,0,4,8,19
2,17000,1000,2,0,1,1,2,2,4
2,15000,1200,2,0,1,1,2,1,2
1,6000,400,2,0,1,1,1,4,5
2,16000,950,1,0,0,1,3,1,1
2,9500,530,1,0,1,1,1,1,3
1,8000,300,1,0,2,1,1,0,2
2,15000,1000,2,0,1,1,2,0,3
1,12000,450,2,0,2,1,1,3,3
1,10000,600,1,0,1,0,1,0,1
2,16000,1100,2,0,2,1,2,2,4
1,11000,400,2,0,2,1,1,1,4
2,11000,700,2,0,2,1,2,1,2
2,20000,1105,2,0,1,1,2,1,4
3,24000,1430,2,0,1,1,2,3,4
2,14500,850,2,0,1,1,2,2,4
1,4000,650,2,0,2,1,1,1,2
2,12000,1200,2,0,2,1,2,0,2
2,8500,600,2,0,2,1,2,1,3
1,9000,400,1,0,1,1,1,2,4
2,10500,1100,2,0,1,1,2,0,1
2,12000,900,2,0,2,0,2,1,5
3,32000,1300,2,0,1,1,2,2,4
2,15000,1000,2,0,1,1,3,0,1
3,21000,1000,1,0,0,1,3,1,2
2,12000,900,1,0,2,1,2,0,1
1,7000,800,1,0,2,1,1,1,1
2,15000,750,2,0,2,1,2,1,3
2,11400,1100,1,0,2,0,2,2,5
2,15000,1200,2,0,1,1,2,1,3
2,19000,1000,1,0,1,1,2,0,2
2,27000,1000,1,0,1,0,2,4,4
3,48000,2000,1,0,1,1,3,2,4
1,7000,550,2,0,1,1,1,1,3
2,15000,1130,2,0,2,2,2,0,4
2,10000,600,2,0,1,1,2,0,1
1,7000,100,1,0,1,1,1,1,2
2,9000,500,2,0,1,1,1,2,5
1,8000,600,2,0,2,1,1,0,3
2,35000,1200,1,0,1,0,2,1,5
2,16000,850,2,0,1,1,2,1,2
1,4500,600,2,0,2,1,1,1,4
2,16000,600,2,0,2,1,1,1,3
2,10000,700,2,0,1,1,1,1,4
1,8000,400,1,0,2,1,1,1,1
1,6000,400,2,0,1,1,1,3,4
2,13000,1000,1,0,2,1,2,1,2
2,10000,1200,2,0,1,1,2,0,4
3,55000,1603,1,0,1,1,3,6,17
3,15000,1200,2,0,1,2,3,0,2
1,12000,420,1,0,1,1,1,2,5
2,9000,1200,2,0,1,1,2,3,4
3,36000,1771,2,0,1,1,3,10,18
3,37000,1200,2,0,1,1,3,2,3
2,6000,700,2,0,2,1,1,1,2
1,17000,610,2,0,1,1,1,10,10
1,8000,800,2,0,2,1,1,3,4
1,7500,550,2,0,1,1,1,2,3
2,9500,750,2,0,1,1,1,1,4
2,13500,700,1,0,1,0,2,1,3
1,9000,600,1,0,1,1,1,2,2
1,7000,360,2,0,2,1,1,0,2
2,12000,800,2,0,2,1,2,2,4
4,100000,3700,1,0,1,1,5,18,22
2,12000,1200,2,0,2,1,2,1,3
1,8500,480,2,0,0,1,1,2,3
2,18000,1000,2,0,1,1,2,0,3
1,11000,800,2,0,1,2,1,0,3
3,18000,900,2,0,0,1,2,2,3
3,17000,1450,2,0,1,1,3,0,2
1,6500,400,2,0,2,1,1,0,3
2,11500,700,2,0,1,1,2,1,2
2,22000,1000,1,0,1,1,2,2,6
1,13000,450,1,0,0,1,1,3,3
3,20000,773,1,0,1,0,2,2,12
2,10000,1200,2,0,1,1,2,1,2
2,15000,1000,2,0,2,1,2,2,3
1,8000,150,2,0,2,1,1,2,3
2,12000,865,2,0,1,1,2,1,5
1,20000,600,2,0,1,1,1,1,4
2,20000,800,2,0,1,1,1,2,3
1,8000,200,2,0,1,1,1,0,4
1,11000,600,1,0,2,0,2,1,4
3,40000,1840,1,0,1,1,2,5,14
2,10000,800,2,0,1,1,2,2,4
3,30000,1600,1,0,1,2,2,2,4
2,8000,600,2,0,2,1,1,1,2
2,15000,1100,1,0,2,0,2,3,3
2,12000,950,2,0,1,1,2,1,2
2,12000,905,2,0,1,2,2,3,6
3,20000,1200,1,0,1,0,2,0,1
3,13000,1000,2,0,1,1,1,1,2
2,17500,1080,2,0,0,1,2,1,4
1,8000,600,2,0,1,1,1,0,4
2,8500,1000,2,0,1,1,2,0,3
1,7500,600,2,0,1,1,1,1,2
2,22000,1100,2,0,1,1,2,2,5
1,6000,300,2,0,2,1,1,0,2
2,32900,1200,1,0,0,1,1,3,6
2,15000,800,2,0,0,1,1,1,4
2,10000,535,2,0,2,1,1,3,4
2,10000,800,2,0,2,1,2,1,3
3,21000,1159,2,0,2,1,2,4,5
4,63000,2650,1,0,2,0,5,16,34
1,6900,50,1,0,1,0,1,0,4
2,14000,700,2,0,2,1,1,2,3
1,14500,550,2,0,1,0,1,4,5
1,6500,700,2,0,1,1,1,2,4
2,13000,600,2,0,2,1,2,1,5
2,8000,600,2,0,1,1,1,1,4
2,18000,1000,2,0,1,1,1,2,4
2,20000,1100,2,0,1,1,3,2,2
1,14000,750,1,0,1,1,1,3,4
4,50000,2900,2,0,0,1,4,5,7
2,14500,990,2,0,2,1,2,1,4
2,15000,1300,2,0,0,1,2,0,2
1,11500,550,1,0,1,1,1,2,3
3,15000,1360,2,0,1,1,2,5,9
2,12000,600,1,0,1,0,2,2,4
2,18000,1200,1,0,1,1,2,0,12
2,15000,1050,2,0,1,1,2,1,5
2,12000,840,2,0,1,1,2,2,4
2,25000,1050,2,0,1,1,2,1,5
1,10000,500,2,0,2,1,1,2,3
2,8000,900,2,0,1,1,1,1,3
2,40000,1300,1,0,1,1,2,2,4
2,12000,600,2,0,2,1,1,2,3
2,16000,900,1,0,1,1,1,3,5
2,23000,1100,1,0,1,1,2,2,5
2,25000,1100,1,0,1,1,2,2,10
1,7000,600,2,0,2,1,1,2,3
2,17500,1250,1,0,2,0,2,1,2
1,10000,415,1,0,1,1,1,3,3
3,39000,1200,2,0,0,1,3,1,4
3,22000,1200,1,0,2,0,2,4,4
2,18000,1000,2,0,1,2,2,2,4
2,23000,1300,2,0,0,1,2,3,4
2,20000,1150,1,0,2,1,2,2,4
1,10000,450,1,0,1,1,1,3,4
1,15000,600,1,0,1,1,1,5,5
2,17000,1000,2,0,1,1,2,3,4
3,56000,1900,1,0,2,0,3,6,16
3,43000,1700,1,0,1,1,3,3,4
2,25000,1100,1,0,1,1,2,2,5
1,9000,500,1,0,1,1,1,1,3
3,31000,1757,2,0,1,1,3,9,10
1,6000,300,2,0,1,1,1,0,2
1,5000,500,2,0,1,1,1,2,3
2,16000,1200,2,0,2,0,2,0,1
1,20000,800,1,0,1,2,1,0,5
3,28000,1281,2,0,1,1,3,2,4
2,18000,1450,1,0,1,1,2,0,2
1,12000,600,2,0,1,0,1,3,3
2,20000,980,2,0,0,2,2,3,4
3,25000,1500,2,0,1,0,3,1,7
3,35000,1800,2,0,1,1,3,1,1
1,7000,400,2,0,2,1,1,1,2
1,7500,600,1,0,2,0,1,0,2
2,14000,1100,1,0,1,1,2,0,2
2,20000,1100,1,0,1,0,2,1,5
2,21000,1100,1,0,2,1,2,2,5
2,15000,700,2,0,1,1,2,1,2
1,5500,600,1,0,2,0,1,1,2
2,10000,700,2,0,2,1,2,1,3
1,7000,250,2,0,1,1,1,1,4
2,11500,1200,2,0,1,1,1,2,3
3,22000,1450,2,0,1,1,3,0,4
2,19000,1221,1,0,2,0,2,2,5
2,15000,1250,2,0,1,1,2,1,4
2,10500,700,1,0,1,2,1,0,2
2,12000,700,1,0,1,1,2,1,2
1,7000,200,2,0,1,1,1,2,3
2,15000,1200,1,0,1,1,2,0,1
2,23000,600,2,0,1,1,2,3,5
1,6500,600,2,0,1,1,1,3,5
3,29000,1800,1,0,1,1,3,3,4
2,12000,900,1,0,2,1,2,0,2
2,10000,1000,2,0,1,0,2,2,2
2,12500,500,1,0,1,1,2,1,2
3,32000,1800,2,0,1,1,3,1,4
1,8000,416,2,0,2,1,1,19,20
2,10500,600,2,0,1,1,1,3,5
1,6000,400,2,0,2,1,1,1,3
3,16000,1200,2,0,1,1,2,2,3
3,45000,1600,1,0,1,1,3,1,4
1,6000,500,2,0,1,1,1,0,2
1,5000,500,2,0,1,2,1,1,4
3,14000,1800,2,0,1,1,3,5,7
2,20000,900,1,0,0,1,2,0,12
1,11000,550,1,0,1,1,1,3,4
1,5500,600,2,0,2,0,1,1,2
3,55000,1800,1,0,2,0,3,1,4
2,15000,976,2,0,1,1,1,1,3
1,8500,350,2,0,1,1,1,2,3
2,15000,1100,1,0,1,1,2,0,2
2,12000,500,2,0,2,1,1,2,3
1,7500,600,1,0,1,0,1,3,3
2,16000,1100,2,0,1,1,2,2,4
2,20000,1150,1,0,0,2,2,2,4
2,14500,850,2,0,1,1,2,0,3
1,6000,600,2,0,1,1,1,2,2
2,14000,900,1,0,1,0,2,4,5
1,7000,300,2,0,1,1,1,0,4
2,27500,1130,2,0,1,1,2,2,4
2,18000,1200,2,0,2,1,2,0,3
2,10000,1000,2,0,1,1,2,1,3
3,31000,1700,2,0,0,2,3,6,9
2,15000,1100,1,0,1,1,2,2,4
1,11000,300,2,0,1,1,1,0,4
1,4500,600,2,0,2,1,1,0,3
1,10000,1000,2,0,1,1,2,0,2
2,10000,1200,2,0,2,1,2,1,2
1,9000,500,2,0,1,1,1,0,3
2,16000,1050,2,0,1,1,2,1,3
1,5000,350,1,0,2,1,1,2,2
2,10000,1000,2,0,1,1,2,1,3
1,15000,600,1,0,1,1,1,3,5
1,3500,150,2,0,2,1,1,2,3
2,16000,1400,2,0,0,1,2,1,2
2,17000,1387,2,0,1,1,3,0,4
3,30000,1350,2,0,0,1,2,0,5
2,12000,1020,1,0,2,1,2,1,4
1,9000,600,1,0,1,1,1,2,4
1,6000,400,2,0,1,1,1,3,4
1,20000,550,1,0,1,0,1,2,5
3,30000,1400,1,0,0,1,2,2,4
2,20000,1050,1,0,1,1,2,5,5
2,15000,800,2,0,2,1,2,1,5
2,20000,1100,2,0,2,1,2,1,3
3,25000,1500,2,0,1,1,2,0,3
1,9000,800,1,0,1,1,1,2,3
2,17000,800,1,0,1,0,1,0,4
2,16500,1200,2,0,1,1,2,2,3
1,7000,450,2,0,2,1,1,2,4
3,30000,1425,2,0,1,1,2,0,5
2,8500,720,2,0,1,1,2,1,4
1,8000,700,1,0,1,1,1,2,3
2,20000,1100,2,0,1,1,2,2,3
3,30000,1645,1,0,1,1,3,6,12
1,7000,500,2,0,2,1,1,2,3
2,10000,600,2,0,0,1,2,4,5
1,5000,600,2,0,1,1,1,1,3
3,30000,1893,2,0,1,0,4,0,18
1,6500,450,2,0,2,0,1,1,4
1,10000,650,1,0,1,0,1,4,4
1,18000,400,1,0,2,0,1,0,3
2,30000,1296,1,0,1,1,2,9,22
2,20000,1000,1,0,1,0,2,4,5
1,16500,600,1,0,2,0,1,4,5
1,15000,600,2,0,0,1,1,3,3
2,15000,1000,2,0,1,1,1,0,2
1,70000,800,1,0,2,0,1,1,3
1,22000,455,1,0,1,1,1,2,5
2,9750,575,1,0,1,0,2,0,2
2,23000,1066,2,0,2,1,2,3,4
2,12000,850,2,0,1,1,1,3,4
3,60000,1550,1,0,1,1,3,2,5
2,11000,1000,2,0,1,1,2,2,4
2,12000,800,2,0,1,1,1,1,3
1,11000,450,1,0,1,1,1,1,4
2,19000,1350,1,0,1,1,2,1,2
2,10000,1350,2,0,1,1,2,1,1
1,7500,600,2,0,1,1,1,3,4
3,55000,2150,2,0,1,0,3,3,6
2,11000,1080,2,0,1,1,2,3,5
3,50000,1450,2,0,1,1,3,3,4
2,13500,700,2,0,2,1,2,2,3
2,16500,1200,2,0,1,1,2,2,4
1,7000,500,2,0,1,1,1,2,4
2,10000,850,2,0,1,1,1,2,3
1,7000,400,2,0,2,1,1,2,3
1,18000,800,2,0,0,1,1,0,2
1,11000,600,2,0,1,2,1,2,4
1,9000,450,2,0,2,1,1,2,3
3,60000,2080,1,0,1,2,3,2,5
2,12500,650,2,0,1,1,1,3,4
2,16000,1100,2,0,1,1,2,2,4
2,30000,1025,1,0,1,1,2,2,4
2,17000,1100,1,0,1,0,2,1,4
1,8000,350,2,0,2,1,1,2,3
2,16500,1050,2,0,0,1,2,0,2
2,13000,600,2,0,1,1,1,2,3
2,12000,800,2,0,1,2,2,1,1
2,17000,700,2,0,1,1,2,2,5
3,15000,750,2,0,1,1,2,1,2
3,35000,1600,2,0,1,1,3,20,25
2,13000,1180,1,0,1,2,2,1,3
2,12000,1400,2,0,1,1,2,2,4
1,10000,750,2,0,1,1,1,2,5
2,9000,580,1,0,1,0,1,0,3
1,6000,350,2,0,2,1,1,0,1
2,8900,1100,2,0,1,1,2,1,2
3,40000,1900,1,0,2,0,3,3,6
2,24000,1105,1,0,0,1,2,1,4
2,18500,1080,1,0,0,1,2,3,12
2,16000,1281,2,0,1,1,2,1,5
1,8000,600,2,0,1,1,1,0,3
2,15000,850,2,0,1,1,2,0,3
2,27000,1200,2,0,1,1,2,2,5
2,17000,900,2,0,0,1,2,4,5
3,50000,1250,1,0,1,1,3,3,5
2,14000,800,1,0,2,0,2,3,3
1,5000,500,2,0,2,1,1,0,3
2,8000,600,2,0,1,1,2,2,3
3,20000,904,2,0,0,1,2,1,5
2,15000,750,2,0,1,1,2,1,4
3,20000,1252,1,0,1,1,2,3,5
2,11000,1200,2,0,1,1,2,1,2
2,8500,440,2,0,0,1,2,2,4
3,22500,1600,1,0,1,1,3,2,4
2,15000,1200,2,0,0,1,2,3,4
2,11000,950,1,0,1,1,2,2,3
2,11000,800,2,0,2,1,2,0,4
2,9000,1000,1,0,1,1,1,1,3
2,15000,800,2,0,1,1,1,0,4
1,7000,400,2,0,1,1,1,0,2
1,5000,144,2,0,1,1,1,0,1
1,18000,600,2,0,0,1,1,2,4
3,45000,2200,1,0,1,0,3,2,4
2,21000,1005,1,0,1,1,3,2,5
2,10000,1200,2,0,1,1,2,0,1
2,15000,1180,2,0,1,2,2,0,5
2,11000,900,2,0,1,1,2,2,3
1,7500,500,1,0,1,1,1,1,2
3,22000,1100,1,0,1,2,2,2,4
2,17000,1100,2,0,1,1,2,1,3
1,6000,400,2,0,1,1,1,3,4
2,20000,1250,2,0,1,2,2,3,4
2,18000,600,2,0,2,1,2,0,2
2,13000,780,1,0,1,1,1,1,3
2,38000,1274,1,0,1,1,2,9,32
2,36000,1200,1,0,0,1,2,1,4
1,7500,400,2,0,2,1,1,3,4
1,9000,500,2,0,2,1,1,0,4
3,18000,1100,1,0,1,0,3,11,18
1,6500,700,2,0,2,0,1,1,4
2,6000,600,2,0,1,1,1,2,3
2,18000,1200,1,0,1,1,2,3,10
2,12000,900,2,0,1,1,2,2,4
3,75000,1850,1,0,1,0,3,6,11
2,25000,900,2,0,2,2,2,0,1
2,20000,1050,2,0,1,1,2,2,4
2,8000,1200,2,0,1,1,2,2,3
2,11000,600,2,0,2,1,2,2,4
3,65000,1480,1,0,0,2,2,7,14
1,6000,400,2,0,1,1,1,4,5
1,11000,600,2,0,1,1,1,0,3
2,20000,1100,2,0,2,1,2,1,5
1,5500,600,2,0,2,1,1,0,3
3,12000,1100,2,0,1,1,3,6,7
3,21500,1320,2,0,1,1,2,3,4
2,9300,500,2,0,2,1,1,2,4
1,6000,600,2,0,2,1,1,0,2
2,13000,650,2,0,2,1,1,1,4
1,7000,300,1,0,2,1,1,3,3
2,14000,1000,2,0,2,1,2,1,4
2,14000,1200,2,0,1,1,2,0,3
1,6000,650,2,0,1,1,1,2,6
1,12500,600,2,0,2,1,1,1,1
1,7000,400,1,0,1,0,1,2,7
2,13000,1000,2,0,0,1,2,2,3
2,20000,1100,1,0,1,1,2,2,3
2,24000,1300,2,0,2,0,2,2,3
1,6000,600,2,0,2,1,1,3,3
2,15000,800,2,0,1,1,2,1,6
2,20000,1115,2,0,0,1,2,2,4
2,17000,1060,1,0,2,0,2,1,5
3,35000,1278,2,0,1,1,2,3,7
3,22000,1500,2,0,1,1,3,2,4
2,18000,1000,1,0,1,0,2,2,3
2,10000,800,2,0,1,1,2,0,5
2,8000,500,2,0,1,1,1,1,3
2,9500,700,2,0,1,1,1,0,4
2,9000,1055,1,0,1,0,2,0,1
3,31000,1325,1,0,1,1,2,1,10
2,14000,950,2,0,2,1,2,2,4
1,7000,450,1,0,1,1,1,0,4
3,24000,1200,2,0,1,1,2,1,3
1,8000,400,1,0,1,1,1,2,3
1,22000,400,2,0,1,1,1,0,3
2,12000,600,2,0,1,1,2,0,2
1,5000,500,2,0,2,1,1,1,2
1,6000,400,2,0,2,1,1,3,4
2,30000,1100,2,0,0,1,2,2,5
2,12000,650,2,0,1,1,2,2,4
2,15000,600,2,0,1,1,2,2,3
2,14000,800,2,0,0,1,2,1,3
1,22000,460,1,0,1,1,1,3,5
2,40000,1380,1,0,1,1,2,2,9
1,12000,500,2,0,1,1,1,1,3
2,15000,825,2,0,2,1,2,0,2
2,9500,700,2,0,1,1,2,2,6
2,15000,1110,1,0,2,0,2,1,2
2,15000,800,2,0,1,1,2,2,4
2,10000,810,2,0,1,1,1,0,2
4,15000,1150,2,0,1,1,3,0,3
1,7000,700,2,0,1,1,1,3,4
1,10000,300,2,0,2,1,1,2,3
3,26969,1400,2,0,1,1,3,4,14
1,8000,450,1,0,2,0,1,2,3
3,52000,1603,1,0,1,1,3,26,32
3,30000,1500,2,0,1,1,2,1,1
1,6500,200,2,0,1,0,1,4,4
3,22000,1500,2,0,0,1,3,0,5
1,10000,600,2,0,1,1,1,1,3
1,6000,150,2,0,0,1,1,3,4
2,13000,750,2,0,1,1,2,0,4
2,18000,1300,2,0,1,1,2,0,4
4,30000,1900,2,0,2,1,3,3,5
2,10000,300,1,0,1,1,2,0,4
1,15000,700,2,0,1,1,2,2,4
2,70000,1325,1,0,1,2,2,12,16
2,19000,894,1,0,2,0,2,3,4
2,20000,1100,2,0,1,1,2,3,4
2,9000,600,2,0,2,1,2,1,4
1,5000,500,2,0,0,1,1,0,2
2,27500,1000,1,0,0,1,2,4,4
2,16000,850,2,0,1,1,2,0,3
1,12000,400,1,0,1,1,1,3,3
3,75000,2400,1,0,1,1,4,5,14
2,20000,1200,2,0,1,1,2,0,4
1,7000,500,2,0,2,1,1,1,2
1,11000,550,2,0,1,1,1,0,2
1,13500,450,1,0,1,0,1,0,4
1,17000,430,2,0,1,1,1,4,5
3,55000,2430,2,0,1,1,3,4,5
1,13000,500,2,0,0,1,2,4,5
2,11000,600,2,0,1,1,1,2,5
2,16000,805,1,0,0,1,2,5,6
2,23500,950,2,0,1,1,2,6,8
2,8500,1000,1,0,2,0,2,1,1
3,30000,1350,2,0,0,1,3,14,14
3,22000,1500,1,0,0,1,2,2,4
2,15000,1000,1,0,2,0,2,1,3
3,15000,800,2,0,1,1,3,0,3
2,10000,1000,1,0,2,0,1,0,2
2,12500,800,2,0,0,1,2,2,3
3,24000,1550,1,0,1,0,3,1,2
2,32000,1000,2,0,2,1,2,1,5
2,19000,800,2,0,2,1,2,1,4
1,9000,700,2,0,0,1,1,0,4
2,5500,500,2,0,0,1,2,7,10
1,15000,500,1,0,1,1,1,2,3
2,14000,900,2,0,1,1,2,1,4
3,27000,1200,2,0,2,0,2,2,3
2,14000,1000,2,0,1,1,2,1,2
3,43000,1680,1,0,2,0,3,4,9
2,30000,1100,1,0,1,0,2,2,5
2,50000,1200,1,0,0,0,1,1,5
1,15000,900,1,0,1,1,2,1,3
3,25000,1600,1,0,1,0,3,3,4
2,25500,1475,1,0,0,1,2,4,9
1,6000,300,2,0,2,1,1,1,2
1,5000,400,2,0,2,1,1,1,2
1,10000,550,2,0,1,2,1,1,4
1,15000,400,2,0,2,1,1,1,5
1,5000,500,2,0,2,2,1,1,2
3,17000,1200,2,0,2,1,3,2,2
2,14000,1300,2,0,1,1,2,2,4
3,35000,2100,2,0,0,1,3,1,2
2,35000,800,1,0,1,1,1,9,10
2,16000,800,1,0,1,1,1,1,4
2,35000,1300,2,0,1,1,2,3,5
1,10000,400,1,0,1,1,1,2,2
2,12000,800,2,0,2,1,2,1,3
2,10500,1000,2,0,2,1,1,0,3
1,8000,400,2,0,1,1,1,1,5
2,15000,1100,1,0,1,0,2,0,5
2,25000,1200,1,0,1,1,2,4,4
2,9000,600,2,0,1,1,2,1,2
2,30000,1700,2,0,1,1,2,0,3
2,22000,846,1,0,1,1,2,2,4
2,14000,1100,2,0,2,1,2,1,3
2,12000,700,1,0,1,2,1,1,2
2,10000,110,1,0,2,1,2,1,1
3,25000,900,2,0,1,1,3,0,1
1,25000,420,1,0,1,0,1,17,18
2,16000,800,2,0,1,1,2,1,4
3,60000,1500,1,0,1,0,3,3,4
1,7000,900,2,0,1,1,1,3,4
3,21000,1600,2,0,1,1,3,1,4
1,19000,625,1,0,2,0,1,2,4
4,42500,1760,1,0,2,1,3,1,4
2,11000,600,2,0,0,0,1,0,3
2,18000,1200,2,0,1,1,2,3,4
1,4300,300,2,0,2,1,1,2,4
2,9000,900,2,0,0,2,1,2,4
1,7000,450,2,0,1,1,1,1,2
2,15000,1050,1,0,1,2,2,2,2
1,4800,580,2,0,1,1,1,0,1
2,15000,600,1,0,2,0,2,0,3
1,18000,550,1,0,1,1,1,3,6
2,22500,1115,2,0,1,1,2,1,4
1,9500,300,1,0,1,1,1,2,3
2,12000,1200,1,0,1,1,2,1,3
1,9000,900,1,0,1,0,1,3,5
3,25000,1400,2,0,1,1,3,1,7
1,9000,400,2,0,1,1,1,1,3
2,11000,900,2,0,1,1,1,3,4
1,12500,500,2,0,1,1,1,0,3
3,21000,1360,2,0,1,1,2,1,4
3,17681,1110,2,0,1,1,2,3,5
3,28000,2400,2,0,1,1,3,3,4
3,30000,1700,1,0,1,1,3,19,26
2,25000,980,2,0,0,1,2,17,19
2,13000,600,2,0,1,1,2,1,2
2,8000,200,1,0,0,1,2,2,2
3,35000,1300,1,0,1,1,2,3,4
1,8000,750,2,0,2,1,1,0,3
2,10000,850,2,0,2,1,2,2,4
1,11500,600,2,0,1,1,1,3,4
2,6000,660,2,0,2,0,1,2,3
2,11000,600,1,0,1,1,1,1,3
1,4000,250,2,0,2,1,1,2,3
2,14000,1200,2,0,2,1,2,0,2
2,24000,630,1,0,1,1,2,2,5
2,11000,840,2,0,1,1,1,1,3
2,10000,500,1,0,2,1,1,-1,1
3,62000,1680,1,0,1,0,3,4,15
2,12000,775,1,0,1,1,1,2,3
2,18000,1000,2,0,1,1,2,3,4
2,17500,900,2,0,1,1,2,0,2
1,6500,500,2,0,1,1,1,2,5
1,16000,550,1,0,1,1,1,2,5
3,30000,1250,1,0,1,0,3,15,18
2,28000,850,1,0,1,1,2,2,6
1,6500,150,2,0,1,1,1,1,2
1,9000,445,1,0,1,1,1,1,3
2,8500,500,1,0,1,1,2,2,3
2,20000,750,1,0,1,1,2,2,3
3,26000,2000,1,0,1,1,2,1,2
1,8000,500,2,0,1,1,1,1,3
1,8500,730,2,0,1,1,1,2,4
2,12500,750,2,0,1,1,2,1,4
1,8000,600,2,0,1,1,1,3,4
3,52000,2710,2,0,1,0,3,4,7
2,18000,1190,1,0,1,0,2,3,4
1,15000,435,1,0,1,1,1,2,5
2,12000,750,2,0,2,1,2,1,3
3,100000,1800,1,0,1,1,3,2,4
1,6000,1200,1,0,0,0,1,3,5
2,12000,600,2,0,1,1,1,2,3
1,6500,450,2,0,2,1,1,2,2
3,13500,1100,2,0,2,2,3,3,5
1,10000,700,2,0,2,0,1,1,1
2,8500,650,1,0,0,2,2,8,8
3,32000,1768,2,0,1,2,3,8,13
3,42000,1600,1,0,1,2,3,3,5
1,7500,400,2,0,1,1,1,2,4
2,16000,1200,2,0,1,1,2,1,4
1,5000,500,2,0,1,1,1,2,4
2,14000,700,2,0,2,1,2,1,2
4,60000,2500,2,0,1,2,4,1,2
1,8500,500,2,0,1,1,1,2,4
1,10000,500,1,0,1,1,1,0,3
1,8500,500,2,0,1,0,1,1,2
2,15000,1280,1,0,2,1,2,0,5
2,9500,200,1,0,1,1,1,0,2
2,25000,750,1,0,2,1,2,4,5
2,14000,900,2,0,1,1,2,2,3
3,20000,1200,2,0,1,1,2,0,2
1,10000,800,2,0,2,1,1,1,1
2,10000,500,1,0,2,0,1,2,4
2,13000,1000,2,0,1,1,2,0,3
2,13000,850,1,0,1,2,2,-1,1
2,24000,900,1,0,1,1,2,2,5
1,10000,600,2,0,1,1,1,3,4
1,8000,600,2,0,2,1,1,2,4
1,6000,600,2,0,2,1,1,1,4
3,21000,1250,2,0,1,1,2,0,1
3,25000,2000,2,0,1,1,3,1,1
2,8500,532,1,0,2,0,1,1,2
2,13000,1000,2,0,2,1,2,1,4
1,5000,150,2,0,2,1,1,2,3
1,7500,500,2,0,1,1,1,1,4
1,13900,600,1,0,1,1,1,1,4
2,15000,1100,1,0,0,0,2,3,3
3,30000,1500,1,0,1,1,3,4,4
2,13000,500,1,0,1,0,1,2,5
1,7700,600,1,0,1,1,1,1,2
2,25000,1200,2,0,2,1,1,5,12
2,17000,1100,2,0,1,1,2,1,4
3,39000,1550,1,0,1,1,3,1,13
2,18000,1050,1,0,1,1,2,1,3
1,15000,500,2,0,1,1,1,1,2
2,28000,1500,2,0,1,1,2,1,4
2,17500,1150,1,0,1,2,2,3,4
4,75000,2000,2,0,0,1,3,0,2
2,14000,110,1,0,1,1,1,1,2
1,9000,500,2,0,1,1,1,3,4
3,20000,1465,2,0,1,1,3,2,4
2,12000,940,1,0,1,1,2,2,5
2,12000,850,2,0,1,1,1,0,4
2,24000,990,1,0,0,1,2,14,30
2,12000,750,2,0,1,1,2,0,3
1,10000,500,2,0,1,1,1,2,3
3,24000,1430,2,0,1,1,2,2,3
1,9000,600,1,0,1,2,1,3,4
2,12000,900,1,0,1,1,1,1,2
2,11000,1100,2,0,1,1,2,0,2
2,15000,900,1,0,1,1,1,1,3
1,5500,600,2,0,1,1,1,2,3
2,18000,1000,1,0,1,2,2,0,4
2,42000,1150,1,0,0,0,2,2,4
2,18000,1250,2,0,1,1,2,1,4
2,15000,1000,2,0,1,1,2,1,4
1,6000,500,2,0,1,1,1,2,3
3,30000,2000,2,0,1,1,3,1,1
2,12000,850,2,0,1,1,2,0,2
2,10000,990,1,0,1,1,2,0,2
2,9500,850,1,0,1,0,1,1,2
2,16000,1000,2,0,1,1,2,4,5
2,9500,650,2,0,1,1,2,4,5
1,6500,400,1,0,1,1,1,2,2
2,13500,1000,1,0,1,1,2,2,2
2,25000,1350,2,0,1,1,2,12,13
2,9500,600,2,0,1,1,2,2,3
2,90000,950,1,0,2,1,2,4,5
2,24000,777,1,0,1,2,2,4,8
3,15000,1200,1,0,1,1,2,2,4
2,22000,1600,2,0,0,1,3,0,2
3,34000,1500,1,0,1,0,3,14,20
2,12500,570,2,0,1,1,2,1,3
3,28000,1800,1,0,1,1,3,18,19
2,12000,1100,2,0,1,1,1,1,3
1,8000,400,2,0,2,1,1,0,2
1,7500,750,1,0,1,1,1,1,1
2,34000,1400,1,0,0,0,2,5,5
3,32000,1789,2,0,1,2,3,8,13
2,14500,650,1,0,1,1,1,1,2
2,16000,1200,2,0,1,1,2,2,4
1,7500,460,2,0,1,1,1,3,4
2,7500,500,1,0,1,1,1,1,2
2,19500,1080,1,0,1,2,2,0,2
3,75000,2000,1,0,0,0,2,1,5
2,16500,1100,2,0,1,1,2,2,3
2,14500,1025,2,0,2,0,2,8,9
2,16000,650,1,0,2,1,2,0,3
2,8000,800,2,0,1,1,1,1,3
2,21000,1100,1,0,0,0,2,3,4
3,30000,1300,1,0,1,0,3,2,4
3,65000,2000,2,0,1,0,3,3,6
2,10000,600,2,0,1,1,2,2,4
2,12000,630,2,0,0,1,2,3,5
2,9000,550,2,0,2,1,2,0,2
2,22000,1025,2,0,1,2,2,3,3
1,10000,500,1,0,1,0,1,1,4
3,48000,1286,1,0,1,0,3,8,16
1,11000,800,2,0,1,1,1,0,4
2,11000,900,2,0,1,1,2,1,3
3,40000,1618,2,0,1,1,3,2,4
1,10000,500,2,0,1,1,1,2,5
1,6500,450,1,0,1,1,1,0,2
2,18000,850,2,0,1,1,2,3,4
3,22000,1374,2,0,1,2,2,0,16
3,28000,1600,2,0,1,1,3,2,4
1,6200,400,2,0,1,1,1,2,3
2,5500,800,2,0,2,1,1,1,4
3,50000,1580,1,0,2,0,3,3,3
2,12000,700,1,0,1,1,1,0,2
2,11500,700,2,0,1,1,1,0,2
1,16000,550,1,0,1,1,1,1,7
1,11000,450,1,0,1,1,1,4,4
1,9000,400,2,0,1,0,1,1,1
1,6000,650,2,0,1,1,1,0,3
2,12000,700,2,0,1,1,2,1,4
2,16000,1333,2,0,2,0,2,2,4
3,35000,1500,1,0,1,1,2,1,4
1,9000,425,1,0,1,1,1,2,5
1,8000,300,2,0,2,1,1,0,3
2,13500,650,1,0,2,2,2,2,3
2,14000,800,2,0,1,2,2,0,2
2,14000,1200,1,0,1,2,2,2,3
1,4700,500,2,0,2,1,1,1,4
2,17000,1000,2,0,1,1,2,3,4
2,11000,600,2,0,1,1,2,1,3
1,12000,600,2,0,1,1,1,2,3
3,30000,1875,2,0,1,1,2,3,3
2,12000,1000,2,0,1,1,2,0,4
3,21000,1300,2,0,0,1,2,3,3
1,6000,350,2,0,2,1,1,3,4
2,18500,900,2,0,2,1,2,2,3
1,4750,200,1,0,1,1,1,2,2
2,15000,700,2,0,1,1,2,1,5
2,17600,1000,1,0,1,0,2,1,4
3,35000,1700,1,0,1,1,3,10,13
2,8000,600,2,0,1,1,1,2,3
1,7000,650,2,0,1,1,1,2,5
2,15000,750,2,0,1,1,1,0,2
3,30000,1750,2,0,1,1,3,1,3
3,100000,1950,1,0,1,1,3,3,3
2,18000,1065,1,0,1,1,2,2,5
2,8000,600,2,0,1,1,1,0,1
2,9000,600,2,0,1,1,1,2,4
1,6000,500,2,0,2,1,1,0,2
2,7500,600,2,0,1,1,1,0,2
1,15000,600,1,0,1,1,1,5,5
2,10000,900,1,0,1,1,1,1,1
2,14000,500,2,0,1,1,2,0,3
1,7000,600,2,0,2,1,1,2,3
3,60000,1710,1,0,2,1,3,6,18
1,6000,600,2,0,2,0,1,3,4
3,17000,1100,1,0,1,1,2,1,3
2,15000,920,2,0,1,1,2,4,4
1,8200,750,2,0,1,1,1,2,4
1,8500,300,2,0,1,1,1,2,3
3,20000,1660,1,0,1,1,2,1,3
1,8000,400,2,0,1,1,1,2,3
2,20000,300,2,0,1,1,1,1,3
1,11500,300,1,0,2,0,1,1,2
3,30000,2000,1,0,0,1,2,3,3
3,22000,1200,1,0,1,0,3,4,4
1,6500,300,2,0,1,1,1,2,3
1,6500,700,2,0,2,1,1,0,1
2,16000,850,2,0,1,1,3,0,2
1,24000,700,1,0,0,1,1,7,7
1,15000,455,1,0,1,1,1,2,4
2,18000,1000,1,0,1,1,2,0,4
1,8500,600,2,0,1,1,1,1,2
1,4000,250,2,0,2,1,1,0,2
1,5000,400,2,0,2,1,1,1,2
2,22000,1200,1,0,1,1,2,3,5
1,12000,500,1,0,1,0,1,2,5
1,9000,350,2,0,2,1,1,2,3
2,7500,1100,2,0,1,1,2,0,3
2,30000,1650,2,0,2,1,3,2,3
4,14000,1000,2,0,1,1,2,0,4
2,9250,500,2,0,1,1,1,2,3
1,13000,700,2,0,1,1,2,1,5
2,12000,1200,2,0,2,1,2,0,5
1,12000,600,2,0,2,1,1,1,2
2,10000,925,2,0,2,1,2,2,5
3,60000,2400,1,0,1,0,3,0,8
3,35000,1500,1,0,1,1,3,1,9
2,12000,600,2,0,2,1,2,0,4
1,14000,435,1,0,1,1,1,3,5
1,8000,650,1,0,1,1,1,0,1
2,11000,700,1,0,1,1,2,0,2
2,20000,890,1,0,1,1,2,5,12
1,12500,600,2,0,0,1,1,3,4
2,35000,1250,1,0,1,1,2,3,4
3,26000,1350,1,0,1,1,2,2,5
3,85000,2600,1,0,1,2,4,8,18
1,14000,440,1,0,1,1,1,2,5
2,22000,1150,1,0,1,1,2,1,4
1,7000,450,2,0,1,1,1,2,4
2,16000,1150,2,0,0,1,2,3,5
2,11000,600,1,0,2,0,1,2,5
2,20000,980,1,0,1,2,2,4,12
3,60000,1850,1,0,0,1,3,3,3
2,5000,625,1,0,1,1,2,1,3
1,4000,100,2,0,1,1,2,2,3
2,15000,1200,1,0,1,1,1,1,1
3,18000,1200,1,0,1,1,2,0,4
2,12000,1080,1,0,1,0,1,1,2
1,8500,700,2,0,1,1,1,1,3
2,11000,800,2,0,2,1,2,0,1
3,42000,1880,2,0,1,2,2,14,14
2,25000,1305,2,0,1,1,2,1,8
1,8500,600,2,0,1,1,1,3,5
2,12500,950,2,0,1,1,2,2,8
2,18000,1188,2,0,2,1,2,0,4
1,6000,500,2,0,2,1,1,2,3
2,9000,875,2,0,1,1,2,0,1
3,54000,2100,1,0,2,0,3,3,4
3,22000,1200,2,0,0,1,2,2,4
1,7000,600,2,0,1,1,1,1,3
2,28000,1150,1,0,1,2,2,1,2
3,55000,1788,1,0,1,2,3,0,1
2,19000,1250,2,0,1,1,2,3,3
1,11000,600,1,0,1,1,1,4,5
3,18000,1600,2,0,1,1,2,2,4
3,70000,1520,1,0,1,1,4,23,25
1,12000,550,1,0,1,0,1,1,3
2,18000,1100,2,0,1,1,2,2,4
2,30000,1100,1,0,1,1,2,2,5
2,10000,1100,2,0,1,1,2,0,3
1,6000,400,2,0,2,1,1,1,3
1,4500,300,2,0,1,1,1,3,3
1,8000,500,2,0,1,1,1,0,3
2,20000,1100,1,0,0,0,2,3,4
2,17500,1000,1,0,2,2,2,1,3
2,22000,850,2,0,1,1,2,0,4
2,17000,1020,2,0,1,1,2,2,5
2,22000,1250,2,0,2,0,2,1,1
3,24000,1400,2,0,1,1,3,2,4
1,12000,600,2,0,2,1,1,1,3
1,4500,200,2,0,2,1,1,4,5
1,5000,300,2,0,2,1,1,0,3
1,6000,400,2,0,0,1,1,1,3
1,11000,450,2,0,1,1,1,3,4
2,20000,1180,2,0,1,1,2,1,4
3,35000,1460,1,0,2,0,3,6,12
3,24000,1464,1,0,1,1,3,2,5
2,10000,700,1,0,1,0,2,-1,1
2,16000,680,1,0,1,1,2,1,10
3,100000,2750,1,0,1,0,4,5,9
2,14000,800,2,0,1,1,1,0,2
2,7500,600,1,0,2,0,1,3,4
3,16000,1200,1,0,2,0,3,1,4
4,65000,3200,1,0,1,1,3,18,19
2,18000,1800,2,0,1,1,2,1,3
1,8000,500,2,0,0,1,1,2,2
2,11000,1200,2,0,2,1,2,0,2
1,8000,750,2,0,2,1,1,1,3
1,13000,700,2,0,1,1,2,1,5
2,30000,1000,1,0,2,0,2,12,23
2,14000,800,2,2,1,1,2,1,3
1,20000,200,2,2,0,0,1,0,2
3,80000,1800,1,2,1,1,3,1,3
1,9500,400,1,2,2,1,1,2,4
3,14000,600,1,2,2,0,3,2,4
3,65000,1550,1,2,1,0,3,1,3
2,18500,650,1,2,2,0,2,2,4
2,40000,850,1,2,2,1,2,2,4
4,90000,2000,1,2,2,0,4,0,4
1,3500,180,2,2,2,1,1,0,2
3,25000,140,1,2,1,0,2,0,3
1,9000,450,1,2,1,1,1,1,4
3,90000,2500,1,2,1,1,3,1,3
1,22000,720,1,2,2,1,1,3,3
2,12000,400,1,2,2,0,1,2,4
2,11000,450,1,2,2,0,1,1,4
1,20000,250,1,2,1,1,1,1,1
2,11000,550,1,2,2,0,2,3,5
2,10000,450,1,2,2,1,1,3,4
3,60000,2500,1,2,2,0,3,2,3
2,16000,100,2,2,2,0,2,3,3
1,16000,400,1,2,0,0,1,2,3
2,12000,750,1,2,1,0,2,1,3
1,8000,400,1,2,1,1,1,1,4
3,14000,1100,1,2,1,1,2,0,3
1,14900,450,1,2,0,1,1,0,5
2,15000,850,1,2,2,1,2,3,3
3,10000,600,1,2,1,1,1,3,4
2,40000,750,1,2,2,1,2,1,4
1,9000,500,1,2,1,0,1,1,4
1,7000,350,1,2,1,1,1,2,4
2,13500,623,1,2,0,1,1,2,3
3,95000,2400,1,2,1,0,3,3,4
1,20000,75,1,2,2,1,1,2,4
2,7500,450,1,2,1,1,1,1,5
2,9000,445,1,2,2,1,2,4,4
3,80000,300,1,2,0,0,3,1,3
3,50000,1670,2,2,1,1,3,3,4
1,13000,550,1,2,1,0,1,1,4
1,12000,350,1,2,1,0,1,4,4
2,16000,650,1,2,1,1,2,2,4
2,13000,70,2,2,1,1,1,1,3
2,29000,100,1,2,1,1,2,1,3
3,18000,800,2,2,2,1,1,2,3
2,8500,60,2,2,2,1,1,2,2
3,27000,2000,1,2,1,1,2,1,3
2,18000,600,1,2,2,1,2,1,4
1,11500,450,1,2,1,0,1,3,4
2,80000,2200,1,2,2,0,3,1,4
2,15500,600,1,2,2,0,2,1,4
4,55000,2000,1,2,1,1,3,2,4
2,20000,800,2,2,1,1,2,3,4
3,35000,170,1,2,2,1,2,4,4
2,38000,150,1,2,2,1,2,0,4
2,16000,650,1,2,2,1,2,3,4
3,50000,1250,1,2,1,1,3,2,4
1,9500,600,2,2,1,1,2,2,4
4,90000,2100,1,2,1,1,4,3,3
1,10000,450,2,2,2,0,1,3,4
2,25000,100,1,2,2,0,2,2,4
1,30000,650,2,2,0,1,1,3,4
2,12000,48,2,2,2,1,2,1,3
2,16500,550,1,2,1,1,2,4,4
1,4500,240,2,2,2,1,1,1,2
2,30000,700,1,2,1,0,2,3,3
1,12000,48,2,2,1,1,1,1,2
2,23000,100,2,2,2,1,2,0,3
3,70000,1901,2,2,1,1,3,9,11
1,5500,50,1,2,2,1,1,1,4
3,35000,1300,1,2,1,0,3,3,4
2,9000,145,2,2,2,1,2,1,3
2,22000,800,1,2,2,1,3,2,3
3,35000,1100,2,2,1,1,4,1,3
1,12000,450,2,2,1,1,1,2,2
2,6000,300,1,2,2,1,1,3,4
2,22000,1040,1,2,1,0,3,1,2
1,5000,25,1,2,2,1,1,2,5
2,20500,900,2,2,1,1,2,0,9
2,7500,1100,2,2,2,1,1,3,4
2,5500,380,2,2,2,1,2,1,1
3,25000,450,1,2,1,0,2,2,2
1,13000,550,1,2,1,0,1,3,4
1,5000,180,2,2,1,1,1,0,3
3,40000,1650,1,2,1,1,2,1,3
1,12500,250,2,2,0,1,1,1,5
1,6000,400,1,2,2,1,1,0,5
2,15500,900,1,2,1,1,2,0,3
3,75000,1900,2,2,0,1,3,2,3
3,36000,892,1,2,2,1,2,2,4
1,13000,400,1,2,1,0,1,0,4
3,45000,100,1,2,2,0,2,1,2
2,2000,60,2,2,2,1,1,1,1
2,28000,80,2,2,1,1,2,1,5
2,9000,450,1,2,1,1,1,2,4
1,12000,520,1,2,1,1,1,3,4
1,13000,350,2,2,0,1,1,1,5
2,11000,600,1,2,1,0,2,2,3
3,35000,950,1,2,0,0,2,1,4
2,10000,450,1,2,1,1,1,1,4
1,20000,450,1,2,1,0,1,1,4
2,25000,850,1,2,1,0,2,2,4
1,8000,200,1,2,2,0,1,3,4
3,36000,1500,1,2,1,1,3,2,3
2,12000,700,2,2,2,1,2,0,4
1,8500,530,2,2,2,1,1,0,3
3,17000,800,1,2,2,0,2,2,4
1,7500,45,2,2,1,1,1,1,5
1,16000,900,2,2,0,1,1,3,4
1,9000,450,2,2,2,1,1,1,4
2,8000,650,2,2,2,1,1,1,4
2,45000,900,2,2,0,1,2,2,4
2,27000,900,1,2,0,1,2,4,4
2,14000,120,2,2,1,1,2,1,4
2,14000,600,1,2,2,0,2,2,4
2,14000,615,1,2,2,1,2,2,4
1,7500,225,1,2,1,1,1,0,2
1,10000,800,1,2,2,0,1,1,4
1,7000,400,1,2,1,0,1,4,4
1,25000,800,2,2,0,1,2,4,5
2,9000,60,2,2,1,1,1,1,3
3,22000,1000,2,2,2,1,2,1,24
3,10000,75,2,2,2,1,1,4,5
3,11000,800,2,2,2,1,2,1,4
1,12500,200,2,2,0,1,1,3,3
3,15000,800,1,2,2,0,2,2,4
2,35000,80,2,2,2,1,2,1,3
2,35000,900,2,2,2,2,2,2,4
2,52000,1125,2,2,0,1,2,2,5
3,15000,900,2,2,2,1,2,3,4
2,32000,1100,1,2,2,0,2,3,3
1,11500,400,1,2,2,1,1,2,4
3,45000,713,1,2,0,1,3,1,1
2,16000,700,1,2,2,0,1,4,4
2,20000,1000,1,2,1,1,2,2,3
1,7000,54,2,2,1,1,1,3,5
3,85000,200,1,2,2,0,3,3,3
1,15000,200,2,2,0,1,1,4,4
2,22000,800,2,2,0,1,2,3,3
2,32000,1000,2,2,2,1,2,1,3
2,20000,500,1,2,1,0,2,4,4
1,35000,300,2,2,1,1,1,3,5
2,35000,900,1,2,2,1,2,0,4
3,65000,240,1,2,2,1,3,1,4
2,15000,650,1,2,1,1,2,0,3
3,12000,950,1,2,1,0,2,3,5
1,8000,500,2,2,1,1,1,0,3
1,11000,500,2,2,1,1,1,2,5
2,12000,450,2,2,1,1,2,4,4
2,24000,150,2,2,1,1,1,1,2
1,20000,400,1,2,0,1,1,3,4
3,16000,100,2,2,0,1,2,3,4
1,15000,400,1,2,1,1,1,3,4
2,28500,900,1,2,1,1,2,0,4
3,30000,1350,2,2,1,2,3,1,7
1,16000,500,2,2,1,1,1,1,4
3,80000,1700,1,2,0,0,3,1,4
1,11000,400,1,2,2,1,1,2,4
2,21000,110,2,2,1,1,1,2,3
3,10500,1200,2,2,1,1,2,1,4
2,15000,50,1,2,1,1,2,2,4
3,16000,100,2,2,1,1,2,2,3
2,45000,1000,2,2,0,1,2,2,3
1,6000,63,2,2,0,1,1,4,4
3,40000,1800,2,2,1,1,2,0,3
2,36000,1440,1,2,1,0,2,2,3
2,12000,55,2,2,2,1,2,0,4
3,45000,1500,1,2,2,0,3,1,12
2,20000,400,2,2,2,1,1,0,1
3,10000,100,1,2,0,1,2,1,4
2,5000,500,2,2,2,1,1,1,3
2,8000,100,2,2,2,1,2,0,3
2,13000,455,2,2,2,1,1,1,4
2,15000,80,1,2,1,1,1,3,4
2,7500,450,2,2,2,1,1,0,2
1,6000,400,2,2,2,1,1,0,1
4,100000,300,2,2,2,1,4,1,3
2,12000,700,2,2,1,1,2,2,3
2,10000,600,2,2,1,1,2,4,5
2,10000,800,2,2,1,1,2,2,3
2,12000,950,2,2,2,1,2,2,3
2,15000,450,2,2,1,1,1,4,4
1,10000,450,1,2,2,1,1,1,3
2,12000,68,2,2,2,1,1,3,5
2,14500,850,1,2,2,1,2,2,4
2,18500,1000,2,2,1,1,2,3,4
1,24000,600,1,2,0,0,1,4,4
2,11000,65,2,2,2,1,1,0,4
3,52000,1700,1,2,1,0,3,1,1
3,70000,1800,1,2,1,1,3,0,4
2,12000,1000,2,2,1,1,1,3,4
2,22000,900,1,2,1,0,2,2,4
2,20000,75,2,2,2,1,2,1,3
3,45000,200,1,2,1,0,3,1,4
1,8000,200,1,2,2,0,1,2,4
1,8000,200,1,2,2,0,1,2,4
2,9500,450,1,2,1,1,1,3,4
2,25000,750,1,2,0,0,2,1,4
2,12000,400,1,2,2,0,1,1,4
2,24000,84,1,2,1,0,2,1,4
2,27000,90,2,2,2,1,2,2,3
2,18000,90,2,2,1,1,2,2,4
2,17000,500,2,2,1,1,2,1,3
2,15000,75,2,2,2,1,2,4,5
1,13000,512,1,2,0,1,1,1,3
3,70000,1500,1,2,1,0,3,1,3
1,14000,446,2,2,2,1,1,2,4
3,32000,1100,2,2,1,1,2,4,5
1,4000,125,2,2,2,1,1,1,2
3,100000,1800,2,2,0,1,3,3,5
3,20000,1300,2,2,2,1,2,1,4
3,30000,2000,2,2,1,2,2,7,10
3,19500,125,2,2,2,0,2,1,4
2,18000,730,1,2,2,1,2,2,3
2,25000,160,1,2,1,1,2,3,3
2,18000,1000,2,2,2,1,2,0,2
1,10000,450,2,2,0,1,1,1,5
2,12000,75,2,2,0,1,2,2,4
3,25000,2000,2,2,1,0,3,1,3
4,40000,2400,2,2,2,0,3,4,4
2,30000,1800,2,2,1,0,2,0,2
3,29000,1800,2,2,2,2,3,0,3
3,35000,2200,2,2,2,1,3,2,4
3,21000,2200,1,2,1,1,2,0,2
3,31000,900,1,2,1,1,2,3,4
2,8000,75,2,2,2,1,1,2,4
2,15500,75,2,2,1,1,2,2,4
3,32000,1800,1,2,1,1,3,3,4
3,30000,160,1,2,1,1,3,2,4
4,42000,2700,1,2,1,0,4,2,4
3,20500,1050,1,2,0,1,2,3,4
3,60000,1800,2,2,0,1,3,2,3
2,95000,2700,2,2,0,1,2,1,3
1,16000,499,1,2,1,2,1,2,3
1,8500,450,1,2,2,0,1,3,4
1,14000,60,2,2,2,1,1,3,4
2,8000,130,2,2,2,1,1,0,3
3,12500,650,2,2,1,1,1,3,4
2,14000,100,2,2,2,1,1,3,4
2,6000,45,2,2,2,1,1,2,3
2,10000,600,2,2,2,1,2,2,3
3,15000,800,2,2,2,1,1,0,4
3,8000,1500,1,2,2,1,3,1,1
1,10000,30,2,2,0,1,1,1,5
1,8500,55,2,2,2,1,1,0,3
2,25000,900,1,2,1,1,2,0,3
2,13000,1000,1,2,2,1,1,1,2
1,6000,360,2,2,1,1,1,1,2
1,7000,450,2,2,0,1,1,1,4
2,22000,900,2,2,1,1,2,4,5
2,40000,1100,2,2,0,1,2,2,4
2,22000,700,2,2,0,1,2,0,2
1,4500,400,2,2,2,1,1,1,2
3,15000,950,2,2,2,1,2,0,3
2,23000,950,1,2,2,1,2,3,3
3,45000,1100,2,2,1,1,3,1,4
1,15000,497,1,2,2,1,1,3,4
3,13000,100,2,2,1,1,2,3,4
2,10000,70,2,2,1,1,2,1,4
2,10000,55,2,2,2,1,2,2,4
1,6500,300,2,2,2,1,1,4,5
1,7000,400,1,2,2,0,1,2,4
2,7000,500,2,2,1,1,2,2,4
4,17401,650,2,2,0,1,2,4,4
1,5500,630,2,2,0,1,1,0,2
1,20000,450,2,2,2,2,1,1,3
2,7000,500,2,2,1,1,1,1,2
2,13000,95,2,2,1,1,1,1,4
4,60000,272,1,2,0,0,3,0,4
2,17000,800,1,2,2,1,2,2,4
2,16000,50,2,2,2,1,2,2,4
1,9500,400,2,2,0,1,1,2,4
1,5000,450,2,2,2,1,1,0,3
3,27000,1800,1,2,1,1,3,2,4
3,29000,1800,1,2,1,1,3,2,4
3,29000,2000,1,2,1,1,3,1,4
4,37000,2700,1,2,1,1,4,2,3
4,36000,2700,1,2,1,1,3,2,3
3,35000,1800,1,2,1,0,3,4,4
4,42000,2700,1,2,1,0,4,2,4
3,37000,1800,1,2,1,1,3,1,4
3,30000,1800,1,2,1,1,3,2,3
3,20000,1200,2,2,1,1,2,2,3
1,8500,600,1,2,1,0,1,1,4
1,11000,350,2,2,0,1,1,2,5
2,14000,100,2,2,1,1,2,2,4
3,55000,1800,1,2,2,1,3,1,3
2,25000,900,1,2,1,0,2,3,4
3,20500,1150,1,2,2,1,2,3,4
4,28000,1400,1,2,1,1,2,2,4
1,5000,500,2,2,1,1,1,0,4
4,35000,300,1,2,1,1,3,2,4
3,30000,1800,1,2,1,1,3,2,4
1,10000,500,1,2,2,1,1,3,4
1,11000,500,2,2,2,1,1,0,4
2,17000,80,2,2,1,1,2,1,4
2,35000,1000,2,2,1,0,2,2,4
3,30000,1600,2,2,2,1,2,6,10
4,30000,1800,2,2,1,1,4,6,8
2,13000,400,1,2,1,1,2,0,4
2,13000,900,2,2,1,1,2,0,3
1,11000,480,1,2,2,1,1,4,5
1,13000,180,1,2,2,0,1,2,2
2,33000,1000,1,2,2,0,2,1,3
3,25000,1120,2,2,2,1,2,2,3
3,70000,1800,1,2,1,0,3,2,4
3,30000,1200,1,2,1,1,2,1,3
1,9000,550,2,2,1,1,1,1,4
2,14500,1400,2,2,2,0,1,3,4
3,50000,1600,1,2,1,0,2,2,4
1,20000,650,1,2,1,1,1,1,4
4,15000,120,2,2,0,1,4,0,2
2,7500,450,1,2,2,1,1,1,3
1,13500,520,2,2,0,1,1,0,4
1,14000,850,2,2,1,0,1,2,4
2,18000,850,1,2,1,0,2,1,4
2,14000,585,1,2,1,1,1,2,4
3,65000,1600,1,2,0,1,2,0,4
2,22000,950,2,2,2,1,2,2,5
1,4000,120,2,2,2,1,1,1,2
2,10000,500,2,2,1,1,1,3,3
1,7500,200,1,2,2,0,1,2,4
1,17000,550,2,2,1,1,1,2,4
1,18000,650,1,2,1,1,1,2,4
4,70000,2800,1,2,2,0,4,6,10
1,10000,50,2,2,0,1,1,3,4
2,15000,550,1,2,2,1,1,4,4
2,16500,90,2,2,1,1,2,4,5
3,100000,2925,2,2,1,1,3,1,4
1,7500,150,1,2,0,1,1,4,4
2,6000,450,2,2,2,1,1,1,3
2,18000,750,1,2,2,0,2,4,4
2,18000,975,2,2,1,1,1,0,3
3,8000,106,2,2,1,1,1,0,4
2,14000,750,2,2,0,1,2,4,6
2,11000,80,2,2,1,1,2,2,4
3,25000,96,2,2,2,1,2,2,5
1,9000,500,2,2,2,1,1,1,3
3,47000,1550,1,2,1,1,2,0,3
2,20000,1000,2,2,1,1,2,3,3
1,6000,400,2,2,2,1,1,2,4
1,5000,450,2,2,2,1,1,1,4
2,20000,1000,2,2,1,2,1,3,4
1,10000,450,2,2,2,1,1,2,4
3,15000,100,2,2,1,1,2,3,4
2,13500,550,1,2,1,1,2,2,4
1,5500,400,2,2,1,1,1,2,3
1,14000,60,2,2,0,1,1,1,5
4,18000,900,2,2,2,1,2,3,5
1,20000,700,2,2,1,1,1,1,5
2,9300,500,2,2,2,1,1,2,4
3,80000,2000,1,2,0,0,3,2,4
2,7500,400,1,2,1,0,1,2,3
3,30000,1500,1,2,2,0,2,1,4
2,13000,70,2,2,2,1,1,2,4
2,8500,60,2,2,2,1,2,2,4
3,44300,200,1,2,1,0,3,1,4
2,45000,1650,1,2,0,0,2,2,4
2,30000,1150,1,2,2,0,2,3,3
2,40000,1800,1,2,0,0,2,0,3
2,12000,900,2,2,2,1,1,1,2
2,13500,700,2,2,2,1,1,1,2
2,30000,900,2,2,2,1,2,2,4
1,9500,400,2,2,1,1,1,2,2
3,30000,2000,2,2,2,1,3,0,2
2,9000,450,2,2,2,1,1,1,3
2,13000,400,1,2,2,0,1,2,4
2,7000,500,2,2,1,1,1,1,5
1,18000,450,1,2,0,1,1,1,4
1,3500,350,2,2,2,1,1,1,3
4,65000,272,1,2,2,1,4,1,4
1,19000,545,2,2,0,1,1,2,3
2,23000,84,2,2,1,1,2,0,4
1,12000,600,2,2,0,1,1,2,4
2,15000,75,2,2,2,1,2,3,4
3,38000,165,1,2,1,0,2,2,4
3,50000,1100,1,2,2,0,3,1,4
1,6500,500,2,2,2,1,1,3,3
3,35000,150,1,2,1,0,3,1,3
2,15000,70,2,2,1,1,2,2,5
3,30000,250,2,2,1,1,2,1,2
2,10000,70,2,2,2,1,2,1,5
1,18000,300,1,2,1,0,1,3,4
3,30000,1800,1,2,1,0,3,1,4
1,16000,400,1,2,1,1,1,3,4
3,22000,1250,2,2,1,1,2,2,3
2,9000,480,2,2,1,1,1,1,4
2,20200,84,1,2,1,0,2,2,4
2,19500,84,1,2,1,0,2,2,4
2,21000,600,1,2,1,0,2,3,4
2,20000,600,1,2,1,0,2,0,4
2,13000,720,2,2,1,1,2,2,4
2,6500,75,1,2,2,1,1,1,1
3,25000,1000,2,2,2,1,2,1,4
2,20000,900,1,2,1,0,2,2,4
2,33000,2200,1,2,1,2,2,1,1
3,18000,900,1,2,1,1,1,0,4
1,13000,550,1,2,1,1,1,3,3
2,10000,450,2,2,0,1,1,4,5
2,10000,470,2,2,0,1,2,2,4
3,23000,125,2,2,1,1,2,3,4
1,20000,400,1,2,0,1,1,3,4
3,25000,1500,1,2,1,1,3,5,10
2,21000,80,2,2,1,1,1,3,4
3,30000,1100,1,2,1,1,2,3,3
2,22000,1000,2,2,1,1,2,4,5
2,14000,800,2,2,2,1,2,3,5
2,7000,50,2,2,0,1,1,2,5
2,18500,1000,2,2,1,1,2,2,5
1,8500,550,1,2,2,0,1,2,3
1,8000,450,1,2,2,0,1,0,4
2,10000,670,2,2,0,1,2,2,4
2,15000,700,2,2,1,1,1,1,3
3,37000,125,2,2,1,0,2,3,4
3,90000,1872,2,2,1,1,3,1,5
2,12000,650,1,2,2,1,1,2,4
2,13000,550,1,2,2,0,2,1,4
2,22000,84,1,2,1,0,2,0,4
1,4000,90,2,2,2,1,2,0,2
2,12000,1000,2,2,2,1,2,1,4
1,9000,65,2,2,2,1,1,3,4
2,14000,75,2,2,2,1,1,2,4
1,15000,250,1,2,0,0,1,0,4
2,12500,900,2,2,2,0,2,3,4
3,30000,900,1,2,1,0,3,3,4
2,9500,650,2,2,2,1,2,0,3
2,15000,900,2,2,1,1,2,4,5
1,12000,800,2,2,1,1,1,3,5
1,8000,410,1,2,2,0,1,2,4
3,70000,1500,2,2,0,1,3,2,3
3,31500,1800,1,2,1,0,2,2,4
2,30000,1400,1,2,1,0,2,0,4
3,60000,1600,2,2,1,1,3,3,4
3,35000,1200,1,2,1,0,2,3,4
3,55000,1150,1,2,2,1,3,2,4
2,20000,110,2,2,1,1,1,0,2
1,6500,300,2,2,0,1,1,3,3
2,17000,750,1,2,1,1,2,1,4
1,9300,450,1,2,1,0,1,1,4
2,7500,410,2,2,2,1,1,2,4
2,20000,800,2,2,0,1,1,2,5
3,18000,120,2,2,0,1,3,4,5
1,15000,650,1,2,0,0,1,2,4
2,13000,400,1,2,2,0,1,2,4
2,20000,810,2,2,1,1,2,3,3
3,12000,700,2,2,0,1,2,1,3
2,40000,1125,2,2,0,1,2,0,2
2,8000,600,2,2,2,1,2,4,5
3,95000,1300,1,2,0,0,3,1,4
3,68000,1450,1,2,1,1,3,2,4
3,18000,110,2,2,2,1,2,1,5
3,75000,2500,1,2,1,0,4,1,3
1,10000,240,2,2,1,0,1,4,5
3,24000,1250,1,2,2,0,2,2,4
3,28000,1000,2,2,1,1,2,2,5
3,28000,900,1,2,2,0,2,2,4
2,18000,900,1,2,1,1,2,0,4
3,27000,1250,1,2,2,1,3,3,4
2,17000,650,1,2,2,1,2,2,4
2,25000,900,2,2,1,1,1,2,3
3,16500,1250,1,2,2,0,2,2,4
2,14000,60,1,2,1,0,2,3,3
2,18000,90,2,2,2,1,2,3,4
2,10000,55,2,2,2,1,1,3,4
2,10000,50,2,2,2,1,1,1,2
4,100000,400,1,2,2,1,4,0,4
2,25000,680,1,2,0,0,1,2,4
2,22999,756,1,2,1,0,2,2,4
2,6000,500,2,2,2,1,1,2,3
2,40000,900,1,2,0,1,2,0,3
1,13000,40,1,2,0,1,1,3,3
1,14000,100,2,2,0,1,1,3,3
2,20000,950,1,2,1,1,2,2,3
1,5500,200,1,2,0,0,1,1,4
2,32000,900,1,2,0,1,2,0,4
2,8000,750,2,2,1,1,1,1,4
3,25000,1400,1,2,2,2,3,3,4
2,28000,100,1,2,1,1,2,2,4
2,22000,100,2,2,1,1,2,1,2
1,21000,100,2,2,1,1,1,0,1
2,30000,1000,2,2,1,1,2,2,4
1,12000,400,1,2,2,1,1,2,4
1,15000,70,2,2,2,1,1,2,3
1,18000,450,1,2,0,1,1,0,1
2,18000,900,1,2,2,1,1,3,4
1,10000,42,2,2,1,1,1,0,3
1,16000,400,1,2,0,1,1,2,4
2,20000,900,1,2,1,0,2,3,3
4,28000,1500,1,2,1,1,2,2,4
1,7000,70,2,2,1,1,1,1,4
2,30000,450,1,2,0,1,1,0,1
2,15000,900,1,2,1,1,1,0,4
1,8000,500,1,2,2,1,1,1,5
1,9000,400,1,2,2,1,2,2,3
3,33500,150,1,2,1,0,2,2,4
1,9500,450,1,2,2,1,1,1,3
2,10000,540,2,2,2,1,1,1,4
1,20000,400,1,2,0,1,1,3,4
1,10000,450,1,2,2,1,1,2,4
1,15000,700,2,2,2,1,1,4,5
3,55000,1450,1,2,0,0,2,0,4
2,20000,1000,1,2,1,0,2,2,4
2,16000,550,1,2,1,0,2,1,4
2,23000,900,1,2,0,1,2,2,3
2,25000,1100,2,2,2,1,2,0,3
1,9000,600,1,2,1,0,1,1,4
1,11000,450,2,2,1,0,1,3,4
2,11500,550,1,2,2,1,1,2,4
3,16000,1000,2,2,2,1,2,1,4
3,23000,1250,1,2,2,0,2,2,4
4,30000,1950,1,2,1,1,4,2,4
1,3500,25,2,2,2,1,1,3,4
2,12100,700,1,2,2,0,1,3,4
2,19000,1800,1,2,2,0,1,1,2
2,40000,1000,2,2,0,1,2,3,3
2,8000,200,2,2,2,1,1,2,3
3,42000,1700,1,2,1,0,3,2,4
3,13000,70,2,2,1,1,2,0,4
3,44000,1700,1,2,1,0,3,3,4
1,11000,450,1,2,1,0,1,1,4
3,40000,1350,1,2,1,0,3,2,3
2,13000,650,1,2,2,1,2,2,4
2,17500,650,1,2,1,1,2,2,4
3,14500,1250,1,2,2,1,3,1,4
3,24000,1250,1,2,2,0,2,2,4
3,30000,1000,1,2,2,1,2,3,4
1,10000,500,2,2,1,1,1,2,3
1,10000,500,1,2,1,1,1,3,4
3,90000,1550,1,2,1,0,3,2,4
2,32000,1150,2,2,2,0,2,1,4
3,80000,2000,1,2,2,1,3,3,4
1,5500,30,1,2,0,1,1,2,3
1,6000,50,1,2,1,0,1,3,4
3,30000,1205,2,2,0,1,2,2,4
3,42000,1450,1,2,1,0,2,2,4
1,5500,200,2,2,2,1,1,2,4
2,7000,350,2,2,1,1,2,2,4
2,10000,700,2,2,2,0,1,0,1
1,17000,400,1,2,0,1,1,3,4
1,18000,700,2,2,1,1,1,1,5
2,14000,1000,1,2,1,0,2,1,4
1,17000,450,1,2,0,1,1,1,4
3,27000,1200,2,2,1,2,2,10,10
3,25000,1200,1,2,1,0,2,2,4
2,23000,900,2,2,1,1,2,3,4
2,24500,84,1,2,0,0,2,1,4
1,10000,200,1,2,2,1,1,1,2
2,35000,1300,2,2,2,0,2,2,3
2,27000,1300,1,2,0,1,2,0,2
1,7000,200,1,2,2,0,1,1,4
1,5000,300,1,2,1,1,1,0,4
2,5000,550,1,2,2,1,1,3,4
2,12000,950,2,2,1,0,1,2,2
2,30000,750,1,2,0,1,2,2,4
2,25000,950,1,2,1,1,2,0,4
1,6000,350,1,2,1,1,1,1,4
3,45000,2000,2,2,2,1,3,3,4
3,40000,180,1,2,2,0,3,0,4
2,8500,60,2,2,1,1,1,2,5
2,16500,950,1,2,2,0,1,2,4
3,100000,1400,1,2,1,1,3,1,4
3,52000,200,1,2,2,1,2,2,3
1,12500,450,1,2,0,1,1,2,3
2,14000,600,2,2,2,1,2,3,4
1,15000,350,2,2,2,1,1,1,3
1,5000,300,1,2,0,0,1,1,3
2,40000,95,1,2,1,1,2,3,3
1,17000,550,2,2,0,1,1,3,3
3,15000,900,2,2,0,1,3,1,3
1,6000,25,2,2,1,1,1,4,6
3,85000,325,1,2,2,0,3,1,3
2,18000,80,2,2,1,1,2,2,4
2,7500,77,2,2,2,1,1,3,4
2,10000,60,2,2,1,1,1,3,4
1,9000,100,2,2,0,1,1,1,1
3,24000,1300,2,2,1,1,2,3,4
2,12000,500,1,2,1,1,2,1,4
2,10500,500,1,2,1,1,2,2,3
2,31000,1200,2,2,1,1,2,3,4
1,9000,250,2,2,1,1,1,0,3
2,9000,700,2,2,1,1,1,4,5
3,27000,1050,1,2,2,2,2,0,4
2,12500,500,1,2,1,1,2,2,4
2,15000,1100,2,1,1,0,2,1,2
2,6500,1000,2,1,1,1,2,0,1
3,90000,2400,1,1,1,1,3,1,3
1,15000,650,1,1,1,1,1,0,2
2,15000,1000,1,1,1,0,2,17,31
2,7600,700,2,1,2,1,2,1,3
3,29000,1200,1,1,1,0,3,1,3
3,20000,1710,2,1,1,1,3,15,29
2,12000,600,2,1,0,1,2,1,3
2,10500,1080,2,1,2,1,2,1,2
2,29000,1300,2,1,1,1,2,0,2
2,26000,1027,2,1,1,0,2,15,19
3,25000,1350,2,1,0,2,3,0,2
2,10000,950,2,1,2,2,2,1,2
2,14000,1300,2,1,2,1,2,1,2
2,6000,600,2,1,2,1,1,1,3
3,40000,1428,2,1,2,0,2,0,2
2,23000,920,1,1,1,1,2,2,2
2,10000,600,1,1,1,1,2,0,2
2,10000,810,1,1,2,0,1,0,1
2,15000,1200,2,1,1,1,2,0,2
1,11000,550,2,1,1,1,1,3,4
2,20000,600,2,1,2,2,1,1,2
2,15000,850,2,1,0,1,1,0,2
4,22000,2117,1,1,1,1,4,20,20
2,6000,900,2,1,2,0,2,1,1
2,20000,1000,2,1,1,1,2,0,1
1,6500,500,2,1,2,1,1,2,3
2,12000,800,2,1,1,1,1,1,3
2,27000,1550,2,1,1,1,3,2,3
2,15000,1500,2,1,2,1,2,0,1
3,20000,1700,1,1,0,1,6,0,1
2,22000,700,2,1,1,1,2,3,4
1,7000,400,2,1,2,1,1,1,3
2,7000,450,2,1,1,1,1,1,2
1,6500,500,2,1,0,1,1,1,3
2,9000,770,2,1,1,1,2,1,2
1,4500,150,2,1,1,1,1,0,2
2,12000,850,2,1,2,2,2,0,2
2,18000,1100,1,1,1,0,2,0,3
2,8000,650,1,1,2,1,1,0,1
1,5000,550,2,1,2,1,1,1,1
2,14000,1000,2,1,2,1,2,1,3
1,6500,250,2,1,1,1,1,0,5
2,10000,790,1,1,1,1,2,2,2
2,13000,600,2,1,1,1,2,1,3
2,11200,700,2,1,2,1,2,1,2
1,8900,550,1,1,2,1,1,0,1
1,12000,500,2,1,2,1,1,0,2
3,45000,1800,1,1,2,0,3,2,4
3,35000,1550,1,1,1,0,2,3,4
3,34999,1462,1,1,1,2,3,3,4
2,11000,970,1,1,1,0,2,0,2
2,15000,700,2,1,2,1,1,1,2
2,15000,674,1,1,2,0,2,0,3
2,10000,750,1,1,2,2,2,0,1
2,12000,1000,2,1,1,1,2,0,2
2,10000,1030,1,1,1,1,2,1,2
3,35000,1540,1,1,0,0,2,3,4
3,40000,1800,1,1,2,0,3,3,5
2,24000,1100,2,1,2,1,2,2,2
2,12000,985,2,1,2,1,2,3,17
2,30000,1200,1,1,1,1,2,3,3
2,10000,1200,2,1,2,1,2,1,1
2,15000,900,2,1,2,1,2,1,3
2,33000,800,1,1,2,1,2,1,4
2,9000,800,2,1,1,1,2,1,3
3,30000,1500,2,1,1,1,3,3,4
2,13000,680,2,1,2,1,2,1,1
2,15000,800,2,1,1,1,2,1,2
2,12000,875,2,1,1,0,2,2,2
2,20000,880,1,1,1,2,2,1,2
3,36000,1500,2,1,1,1,3,2,3
2,10000,950,2,1,2,1,2,1,1
2,16000,850,2,1,1,1,2,0,2
1,6000,700,2,1,1,1,1,1,2
3,22000,2000,2,1,1,2,2,0,1
1,6000,450,2,1,2,1,1,0,4
1,6500,400,2,1,2,1,1,2,2
1,3000,350,2,1,2,1,1,1,2
3,27000,1650,1,1,1,2,3,2,2
2,8000,800,2,1,2,1,1,0,2
2,12500,600,2,1,2,1,1,1,2
2,11000,800,2,1,2,1,1,1,2
3,40000,1600,2,1,1,1,3,1,2
2,15000,700,1,1,2,0,2,1,2
2,8000,800,2,1,1,1,2,1,2
3,34000,2120,2,1,0,1,3,9,18
1,7500,560,2,1,2,1,1,2,4
1,14000,420,1,1,2,0,1,1,1
2,15000,1000,0,1,0,1,2,1,2
3,21000,1330,2,1,1,1,3,1,2
3,12000,930,2,1,1,2,2,2,8
3,75000,1900,1,1,1,2,3,3,3
2,15000,1200,2,1,0,1,2,1,3
1,6000,350,2,1,2,1,1,0,2
3,20500,1000,2,1,1,1,1,0,3
2,13500,1210,2,1,1,1,2,14,29
2,10000,750,1,1,2,1,2,0,1
3,15000,1150,1,1,1,1,3,1,2
2,11000,800,1,1,2,2,2,1,1
2,12000,930,1,1,0,2,2,1,4
2,15000,2800,1,1,2,2,2,-1,1
2,20000,800,1,1,1,2,2,13,17
2,24000,850,2,1,2,1,2,0,3
2,16000,650,2,1,1,1,2,2,3
2,10000,770,2,1,2,2,1,1,2
3,30000,1800,1,1,1,0,3,1,2
3,26000,1100,1,1,1,1,2,4,4
2,10000,950,2,1,1,1,2,2,3
3,15000,1250,2,1,1,1,2,2,3
1,9000,400,2,1,2,1,1,0,3
2,9000,575,1,1,1,1,2,1,2
2,15000,1234,2,1,1,1,2,1,14
2,12000,870,1,1,1,1,2,2,2
2,20000,1162,2,1,1,1,2,2,4
3,15000,2200,2,1,2,0,3,1,2
1,8000,500,2,1,2,1,1,1,1
3,13000,900,2,1,2,1,1,1,4
1,6800,600,2,1,2,1,1,1,3
2,9000,600,2,1,0,1,1,1,3
3,14000,1600,1,1,0,1,3,0,2
4,55000,2400,1,1,2,1,4,1,3
3,50000,1600,1,1,1,0,3,2,3
1,8000,400,1,1,2,1,1,-1,1
2,16000,1000,2,1,1,1,2,1,3
2,15000,600,1,1,2,0,2,8,18
2,15000,750,1,1,2,0,2,1,2
2,15000,700,2,1,1,1,2,1,2
4,75000,2200,2,1,1,2,5,2,3
1,9000,500,2,1,1,1,1,0,3
1,6500,700,2,1,2,1,1,2,3
3,17000,1480,2,1,0,1,2,3,4
3,49000,1700,1,1,0,0,3,7,15
2,15000,830,2,1,1,1,2,0,2
3,25000,1425,1,1,1,1,2,2,14
3,40000,1550,1,1,2,0,3,1,3
1,8000,200,2,1,1,1,1,0,2
2,17500,1200,1,1,1,1,2,2,2
3,11000,800,2,1,1,1,2,0,3
3,8500,1261,1,1,1,1,3,3,4
2,11000,425,1,1,1,1,2,0,2
2,12500,940,2,1,2,1,2,10,19
3,90000,2300,1,1,1,0,3,2,4
2,14000,700,2,1,2,1,2,2,2
2,25000,1145,2,1,1,0,2,4,4
2,18000,750,2,1,1,1,2,1,3
3,17000,1250,2,1,1,1,3,1,3
2,8500,900,2,1,2,1,2,0,2
3,15000,800,1,1,1,0,2,1,4
2,22000,800,2,1,1,1,2,4,4
2,15000,900,2,1,1,1,2,0,1
2,10000,600,2,1,2,1,1,1,1
1,5000,250,2,1,2,1,1,0,3
2,10000,910,2,1,1,1,2,0,1
3,15000,1350,2,1,2,1,3,1,2
3,34500,450,1,1,1,0,3,0,3
1,8000,600,2,1,2,1,1,2,3
2,22000,800,1,1,2,2,2,0,1
2,13000,850,1,1,2,2,2,0,1
2,6500,1000,2,1,1,1,2,0,2
2,18000,900,1,1,1,0,2,1,1
3,30000,2400,2,1,0,1,3,0,3
1,8500,400,1,1,2,1,1,0,1
4,20000,1900,1,1,1,2,4,5,20
2,12000,900,2,1,1,1,2,1,2
2,18000,805,2,1,1,1,2,1,3
2,19000,1200,2,1,2,1,2,1,4
2,12000,800,2,1,0,1,2,2,3
3,16000,1158,1,1,1,1,2,2,4
1,5700,400,2,1,2,1,1,0,3
1,15000,450,2,1,2,1,1,2,3
2,11000,960,2,1,1,2,2,1,3
3,17000,1400,2,1,1,1,2,10,15
2,18000,970,2,1,0,1,2,0,3
2,9500,1000,2,1,2,1,2,1,2
2,12000,900,1,1,1,1,2,1,2
2,8000,800,2,1,1,1,2,4,4
2,12000,1100,1,1,1,2,1,0,1
2,16000,800,2,1,2,1,2,1,3
2,8000,800,2,1,2,1,1,1,3
2,10000,898,2,1,1,2,2,7,14
2,15000,800,1,1,1,1,2,0,2
2,7500,600,2,1,2,1,1,1,2
3,30000,2000,1,1,0,1,3,1,1
2,16000,870,2,1,2,1,2,3,3
2,14000,1100,1,1,1,2,2,17,20
2,10000,650,1,1,2,1,2,1,2
3,25000,1100,1,1,2,0,2,5,18
2,11500,1250,1,1,1,1,2,0,2
2,11000,1145,2,1,2,1,2,1,3
2,10000,780,2,1,1,1,2,2,3
1,7000,680,2,1,2,1,1,1,3
2,18000,860,2,1,1,1,2,2,3
1,7500,600,2,1,2,1,1,1,2
2,7500,750,1,1,1,1,1,0,2
2,12000,800,2,1,2,1,2,2,2
2,12000,570,1,1,2,1,2,0,2
2,40000,1150,2,1,0,1,2,2,4
1,5000,350,2,1,2,1,1,0,1
2,20000,894,2,1,1,1,2,4,4
1,6500,600,2,1,1,1,1,0,2
3,12000,900,2,1,1,1,2,0,2
1,12000,550,2,1,2,1,1,0,3
2,14000,717,2,1,1,1,2,1,3
2,13000,660,1,1,1,2,2,0,2
1,9000,700,1,1,1,2,1,1,2
1,10000,800,2,1,1,1,1,0,3
3,15000,1070,2,1,2,2,2,1,3
2,15000,1000,2,1,1,2,2,0,4
2,19000,1500,2,1,1,1,2,0,1
2,15000,900,2,1,2,1,2,1,2
2,16000,1700,2,1,2,1,2,1,2
2,12000,900,2,1,1,1,2,0,3
2,11000,805,2,1,2,1,2,0,3
2,8000,750,2,1,2,1,2,0,1
2,10000,1000,2,1,0,1,2,2,2
3,70000,1500,1,1,0,1,3,1,4
3,45000,3200,2,1,2,1,3,0,2
3,60000,1700,1,1,1,1,3,7,11
2,12000,1000,2,1,1,1,2,2,2
3,80000,2036,2,1,1,0,3,6,11
2,23999,610,1,1,0,1,1,4,4
2,23000,1100,2,1,0,1,2,2,3
2,16000,900,1,1,1,0,2,2,2
2,14000,840,2,1,1,1,2,0,3
3,13000,965,2,1,1,1,2,0,2
2,14000,800,2,1,2,1,2,2,4
1,7000,700,2,1,2,1,2,1,2
1,3500,600,2,1,2,0,1,0,1
1,12000,650,1,1,1,2,2,1,3
1,8000,320,2,1,2,1,1,2,3
2,25000,700,2,1,1,1,1,0,3
2,12000,850,2,1,2,1,2,1,3
1,7000,550,2,1,2,1,1,1,2
3,20000,1400,1,1,1,2,3,12,13
2,18000,1300,2,1,2,1,2,3,3
2,15000,1125,2,1,1,1,2,24,31
2,11000,780,1,1,1,2,2,1,14
3,65000,2200,1,1,2,0,3,2,4
3,75000,2500,1,1,2,1,3,0,1
1,15000,1300,2,1,0,0,2,0,2
2,12000,619,1,1,0,1,1,1,8
2,8500,700,1,1,1,1,1,0,2
3,38000,2100,2,1,1,1,3,2,2
3,30000,2000,2,1,2,1,3,1,3
1,9000,700,2,1,1,1,1,0,2
3,25000,2000,2,1,1,1,3,1,3
2,9000,600,1,1,2,1,2,2,2
1,8500,550,1,1,2,0,2,0,1
1,7000,300,2,1,2,1,1,0,1
2,25000,800,1,1,1,0,2,2,3
2,8500,850,2,1,2,1,2,3,4
1,6500,450,1,1,1,1,1,2,3
1,7000,500,2,1,2,1,1,0,2
1,4500,115,2,1,2,0,1,0,3
2,22000,800,1,1,2,1,2,0,1
2,10000,600,2,1,1,2,1,1,2
2,16000,800,2,1,2,1,2,2,2
3,85000,1725,2,1,0,1,2,10,14
2,15000,1330,1,1,0,1,2,1,2
3,25000,2064,2,1,1,2,4,11,19
1,9000,700,2,1,1,1,1,0,2
2,20000,900,2,1,1,1,2,0,3
2,15000,1066,2,1,2,2,2,1,4
2,9000,700,1,1,1,0,2,1,4
2,14000,900,2,1,0,1,2,2,3
2,15000,700,2,1,1,1,2,2,4
3,14000,950,1,1,1,1,2,3,7
2,8000,850,2,1,2,1,2,1,2
2,13500,600,1,1,0,1,2,4,7
2,12000,750,2,1,1,0,2,0,3
2,7500,850,2,1,2,1,2,0,2
3,20000,1650,1,1,1,0,3,1,1
2,11000,960,2,1,2,2,2,1,2
2,11000,1200,1,1,2,0,2,1,1
2,17500,650,1,1,0,1,2,2,2
2,8000,800,1,1,2,1,2,-1,1
3,25000,1350,2,1,1,1,3,1,2
2,12000,560,1,1,1,2,2,0,1
1,5250,250,2,1,2,1,1,2,3
2,25000,685,2,1,2,0,2,0,2
2,14000,1021,2,1,1,1,2,4,5
3,24000,1200,1,1,2,1,3,2,2
3,35000,1557,2,1,1,1,3,1,5
2,8000,550,2,1,2,1,1,1,1
2,16000,800,2,1,1,1,2,1,3
3,28000,917,1,1,1,2,2,3,7
2,16000,960,2,1,1,1,2,2,4
2,13000,1000,2,1,2,1,2,0,3
2,35000,1000,2,1,0,0,2,1,3
1,11000,579,2,1,1,1,1,3,4
1,5000,800,1,1,2,1,1,1,1
2,23000,1100,1,1,2,0,2,1,2
2,11000,635,1,1,1,0,2,2,2
3,25000,1700,1,1,1,1,3,2,12
1,4500,600,2,1,2,1,1,0,3
4,100000,2500,1,1,2,1,4,16,18
3,47500,1920,2,1,1,2,3,6,15
2,7500,850,2,1,1,0,2,2,2
3,16500,1850,2,1,2,0,3,1,1
2,18000,1375,1,1,0,2,1,1,1
2,7000,700,2,1,2,1,2,0,2
1,8000,700,2,1,2,1,2,1,2
1,10000,675,2,1,2,1,1,2,2
3,7000,900,2,1,2,1,2,1,2
2,35000,1020,1,1,0,1,2,1,2
4,100000,3000,1,1,2,0,4,1,1
2,13000,800,1,1,1,0,1,0,1
2,10000,600,2,1,2,1,1,1,1
2,14000,890,2,1,2,2,2,2,2
3,46000,1700,2,1,1,1,3,15,18
4,65000,2000,1,1,1,0,3,3,4
2,9000,800,1,1,1,1,2,0,1
3,13500,1002,2,1,0,1,2,2,3
3,29000,1225,1,1,1,1,3,9,18
2,23999,610,1,1,0,1,1,2,4
3,26000,1200,2,1,1,2,3,0,3
2,8200,850,2,1,2,1,2,2,2
1,15000,500,2,1,1,2,1,1,2
2,10000,778,2,1,2,1,2,4,4
2,20000,850,1,1,2,0,2,5,17
2,15000,800,1,1,2,1,2,1,2
2,14000,1200,2,1,1,1,2,0,3
2,11000,750,2,1,2,1,2,1,1
1,6500,550,2,1,2,1,1,2,2
3,26000,1567,1,1,0,1,3,3,4
1,7500,650,2,1,1,1,1,0,1
2,14500,1150,1,1,2,0,2,1,1
2,12000,900,2,1,2,1,2,3,4
3,45000,1450,1,1,2,0,2,1,4
2,22000,850,2,1,1,1,2,2,3
1,7000,550,2,1,2,1,1,0,1
1,7000,600,1,1,2,1,1,0,1
2,45000,1200,2,1,0,1,2,2,3
4,20000,1450,2,1,1,1,4,3,4
2,14000,560,1,1,1,2,2,1,2
2,18000,1113,2,1,1,2,2,2,4
3,20000,1600,2,1,1,1,4,0,2
1,10000,550,1,1,2,1,1,0,2
2,25000,1200,1,1,2,1,2,3,4
2,18000,900,2,1,1,2,2,1,2
1,5000,800,2,1,2,2,1,1,2
2,12000,1200,2,1,1,1,2,1,5
2,13000,1000,2,1,1,1,2,1,2
2,30000,1100,2,1,1,1,2,0,4
2,9000,700,2,1,0,1,1,0,3
1,12000,650,2,1,2,1,1,1,2
3,30000,1500,1,1,1,2,2,0,1
3,20000,1175,1,1,0,0,2,3,4
2,12000,750,2,1,2,1,2,4,4
2,9500,1010,2,1,1,1,2,1,2
2,22000,1050,2,1,1,2,2,4,4
3,23000,1060,1,1,2,0,2,2,32
2,9500,900,2,1,2,1,2,1,2
2,13500,1000,2,1,1,2,2,4,10
1,12000,450,2,1,2,1,1,1,2
3,33000,1600,1,1,1,1,3,15,16
3,33000,1760,2,1,1,1,3,8,9
2,18999,618,1,1,1,1,2,4,11
3,18000,1220,2,1,1,1,2,6,10
1,8500,580,2,1,2,1,1,3,3
3,20000,1651,2,1,1,2,3,2,3
2,9000,705,1,1,1,1,2,1,3
1,7000,700,2,1,2,1,1,0,2
3,53000,1700,1,1,0,1,3,4,16
2,14000,901,2,1,2,1,2,2,2
2,21000,1100,2,1,0,1,2,2,16
3,16000,1120,2,1,1,1,2,1,4
2,26000,1300,1,1,1,0,2,1,3
3,20000,1350,2,1,0,0,3,0,1
2,25000,1340,2,1,1,2,2,7,16
1,10000,250,2,1,2,1,1,2,3
2,11500,700,1,1,1,1,2,1,1
2,15000,650,1,1,2,0,2,1,2
1,4200,490,2,1,1,1,1,3,3
2,9500,700,1,1,2,1,1,0,2
1,8000,580,2,1,2,1,2,1,2
2,16000,1400,1,1,1,0,3,2,2
2,12000,850,1,1,1,1,2,1,2
2,12000,850,1,1,1,1,2,1,2
2,12000,900,2,1,2,1,2,0,3
2,13000,780,2,1,0,1,2,1,2
3,15723,1246,2,1,1,1,2,7,18
1,6000,300,2,1,1,1,1,2,2
2,10000,900,2,1,2,1,2,1,2
1,3000,350,2,1,2,1,1,0,2
2,7500,900,2,1,2,1,2,2,3
2,18000,1099,2,1,1,2,2,2,2
3,16500,1530,1,1,1,1,3,9,13
3,35000,2000,2,1,1,1,3,2,2
3,15000,1095,2,1,0,1,2,2,2
2,7000,780,1,1,2,2,2,5,14
3,38000,1300,1,1,2,1,3,9,19
2,20000,900,2,1,1,1,2,2,3
1,7500,450,2,1,2,1,1,0,2
2,12500,400,2,1,2,1,2,1,4
3,16000,900,2,1,1,1,2,0,2
2,16000,935,1,1,2,0,2,2,2
1,8500,450,2,1,2,1,1,0,1
2,30000,1020,1,1,0,1,2,1,11
3,16000,1280,2,1,1,1,2,0,2
1,5700,450,1,1,1,2,1,0,1
2,18000,1120,2,1,1,1,2,2,4
2,15000,1000,2,1,1,1,2,1,3
2,7500,1000,2,1,1,1,2,2,3
2,9000,750,2,1,2,1,2,1,3
2,13000,1000,2,1,1,1,2,2,4
3,25000,1100,2,1,2,1,2,0,2
2,13000,650,2,1,1,1,2,0,3
3,20000,1500,1,1,1,1,3,1,3
1,18000,500,2,1,2,1,1,1,4
2,8000,700,2,1,2,1,1,1,2
1,16000,450,2,1,0,1,1,3,3
2,18000,700,1,1,2,0,2,1,2
2,19000,1250,2,1,1,2,2,1,2
2,7500,700,2,1,2,1,2,1,2
2,15000,650,2,1,1,1,2,2,3
2,19000,850,2,1,1,1,2,1,3
2,10000,750,1,1,2,0,2,1,2
3,45000,1780,2,1,1,1,3,1,5
2,20000,980,2,1,2,1,2,3,3
2,7500,700,2,1,2,1,2,1,2
2,14000,600,1,1,1,1,2,2,7
2,5000,800,2,1,2,1,2,0,2
2,20000,1500,2,1,1,1,2,0,1
3,15000,1402,1,1,1,1,3,2,4
3,75000,1500,1,1,1,1,3,2,4
3,30000,1300,2,1,0,1,3,19,19
3,30000,1484,1,1,1,1,3,9,12
1,12500,630,1,1,1,0,1,1,1
2,24000,1150,1,1,1,1,2,5,11
2,10000,800,1,1,2,2,2,1,2
2,12000,600,1,1,1,0,2,0,1
3,45000,2200,2,1,2,1,3,4,4
2,10500,950,2,1,1,1,2,1,2
2,6250,700,2,1,2,1,2,0,1
1,6000,450,2,1,1,1,1,2,4
1,7500,150,1,1,2,0,1,1,3
1,6300,360,2,1,2,1,1,0,1
1,7000,750,2,1,1,1,1,2,3
2,14000,1065,2,1,1,2,2,1,2
2,10000,650,2,1,2,1,2,1,2
2,30000,1140,1,1,1,1,2,2,16
3,16000,1525,1,1,1,2,3,6,29
3,22000,1450,1,1,0,1,3,8,10
2,14000,1200,1,1,1,0,2,0,3
2,18000,1100,2,1,1,1,2,0,3
2,10500,700,2,1,1,2,2,2,3
1,6000,600,1,1,2,2,1,1,2
3,20000,1200,1,1,2,1,2,1,2
3,90000,2100,1,1,2,0,3,2,4
2,13500,950,2,1,1,1,2,3,4
1,7000,800,1,1,1,1,1,2,2
2,12500,900,1,1,2,0,2,1,1
2,15000,805,2,1,1,1,2,0,2
2,14000,800,1,1,2,0,2,1,2
2,28000,2300,1,1,0,0,2,0,3
2,9500,1200,2,1,1,1,2,0,1
3,16000,1200,1,1,1,1,2,1,3
3,20000,1500,1,1,2,1,2,-1,1
1,21000,500,1,1,0,1,1,7,11
2,22000,1050,2,1,1,1,2,2,3
2,15000,650,1,1,2,0,2,1,3
1,5000,800,1,1,2,1,1,1,1
2,15000,1000,2,1,2,1,2,1,3
2,19000,900,2,1,1,1,2,2,3
3,37500,1475,2,1,1,1,3,1,4
1,8000,360,2,1,1,1,1,-1,1
3,45000,1600,1,1,2,1,3,4,4
1,5000,550,2,1,2,1,1,0,1
3,30000,1800,2,1,2,0,2,0,2
2,17000,1000,2,1,2,1,2,0,2
2,15000,700,2,1,0,1,2,0,2
1,3500,500,2,1,1,1,1,1,2
3,25000,1132,2,1,1,1,2,10,16
3,17000,1400,1,1,1,1,3,28,31
5,50000,3300,2,1,1,1,5,0,2
3,22000,1400,1,1,1,1,3,3,4
2,12000,800,2,1,1,1,2,1,3
3,10000,80,1,1,1,1,2,3,3
3,10000,1000,1,1,1,1,3,1,8
2,26000,1020,2,1,1,1,2,3,17
2,9000,500,1,1,0,1,2,0,2
2,12000,900,2,1,0,1,2,1,2
2,8500,600,1,1,2,1,1,1,2
2,7000,1100,2,1,2,1,2,3,4
2,12000,1200,1,1,2,2,3,1,1
2,12000,650,1,1,2,1,2,2,2
2,26000,900,2,1,1,1,2,0,4
3,13000,100,1,1,2,1,2,1,2
2,30000,1100,1,1,2,1,2,0,4
2,30000,585,2,1,2,1,2,1,5
2,12000,740,2,1,2,1,2,2,3
1,10000,550,2,1,2,1,1,2,3
2,13000,786,2,1,0,1,2,1,3
2,13000,1100,1,1,2,2,2,2,4
3,40000,1500,2,1,1,0,3,2,4
3,25000,1440,1,1,1,1,3,3,6
1,8000,700,2,1,1,1,1,2,2
1,6000,450,2,1,2,1,1,0,2
3,17000,1200,2,1,1,1,2,1,3
3,17000,1785,2,1,1,2,3,9,12
2,15000,1050,2,1,1,1,2,1,3
2,8500,700,2,1,1,1,1,2,7
2,8500,450,1,1,2,1,1,1,2
2,11000,803,2,1,1,1,2,1,2
3,60000,1800,2,1,1,0,3,9,9
2,18000,985,1,1,2,0,2,1,4
4,70000,2880,2,1,1,0,3,9,19
2,10000,850,2,1,2,0,2,2,2
3,20000,1100,1,1,2,1,2,1,2
2,16000,1100,2,1,1,1,2,0,2
2,10000,1500,2,1,0,1,2,0,2
3,100000,1975,2,1,1,2,3,12,18
1,7000,400,2,1,2,1,1,1,2
2,17000,914,2,1,1,1,2,0,2
2,17000,1000,2,1,1,1,2,2,2
3,39000,1170,2,1,1,1,2,0,3
1,6500,350,2,1,2,1,1,0,1
3,15000,1120,1,1,2,0,2,1,2
2,17000,1100,2,1,2,1,2,0,1
1,6800,500,2,1,2,1,1,0,3
1,8500,200,1,1,1,1,1,1,3
3,65000,1444,2,1,1,0,3,11,14
1,7500,350,2,1,1,1,1,1,3
2,10000,800,2,1,1,1,2,1,3
3,34000,1503,1,1,1,2,2,3,7
3,17000,1200,2,1,2,1,3,0,2
3,23000,900,1,1,2,0,2,2,3
1,17000,625,2,1,1,1,1,4,10
2,8500,860,2,1,1,1,2,1,3
2,10000,960,2,1,2,1,2,1,2
2,8000,550,2,1,2,0,1,1,3
3,30000,1000,2,1,1,1,3,0,2
1,15000,520,2,1,1,1,1,1,3
3,25000,1500,2,1,2,1,2,1,2
2,16500,966,2,1,1,1,2,1,3
3,40000,1400,2,1,1,1,3,1,2
3,15000,1300,2,1,1,1,2,2,7
3,12000,1062,2,1,1,1,2,2,3
3,35000,1850,1,1,1,0,3,2,3
2,8000,600,1,1,2,1,2,2,3
2,11000,1000,2,1,1,1,2,1,2
3,20000,1065,2,1,1,1,3,4,5
3,17000,950,1,1,2,0,3,0,2
2,9000,740,2,1,2,2,2,1,2
2,16500,700,2,1,1,1,2,0,3
2,12000,880,1,1,2,2,2,1,3
2,12500,890,2,1,2,0,2,3,11
2,25000,1100,2,1,2,1,2,2,2
2,15000,700,2,1,0,1,2,1,3
3,14000,1155,2,1,2,1,2,15,19
3,72000,1500,1,1,1,0,3,2,4
1,10000,550,2,1,2,1,1,0,4
2,17000,1000,2,1,1,1,2,1,5
2,12000,550,2,1,2,1,2,0,1
3,72000,2900,1,1,1,0,3,8,9
3,26000,2100,2,1,1,1,2,1,4
2,10500,1000,2,1,2,1,2,0,1
2,15000,800,2,1,2,1,1,0,2
2,8500,900,1,1,2,0,1,1,1
2,10000,800,1,1,1,1,2,2,2
2,10000,1015,2,1,1,1,3,0,2
3,25000,1700,2,1,1,1,3,7,9
1,10000,850,2,1,2,1,1,0,1
2,13000,1260,2,1,1,1,3,0,1
2,16000,800,2,1,1,1,2,1,2
1,5000,550,1,1,2,1,1,1,1
2,9500,800,1,1,1,1,2,1,2
3,18000,1200,1,1,1,0,2,1,1
3,24000,1570,2,1,1,1,3,0,2
1,6166,570,2,1,1,1,1,0,2
2,20000,900,2,1,1,1,2,3,3
2,13000,700,2,1,2,1,2,0,2
1,8000,500,2,1,2,1,1,0,1
2,18000,1000,2,1,2,1,2,1,2
2,20000,700,1,1,2,1,2,0,2
2,14000,690,2,1,2,1,1,0,2
2,15000,100,1,1,1,2,2,2,2
3,25000,1200,1,1,1,1,3,9,11
2,26000,1200,1,1,1,0,2,1,3
2,9000,800,2,1,2,1,2,0,2
3,15000,1157,2,1,2,1,3,4,8
2,15000,780,2,1,1,1,2,1,2
1,7500,500,2,1,2,1,1,0,2
2,9500,750,2,1,2,1,2,1,3
6,60000,1800,2,1,0,1,6,1,3
1,7000,500,2,1,1,1,1,0,3
2,23000,1153,2,1,1,2,2,15,19
1,18000,500,2,1,0,1,1,1,2
3,18000,1000,1,1,2,1,2,7,18
1,6000,510,2,1,2,1,1,1,2
2,13000,730,1,1,1,2,2,2,2
2,15000,950,2,1,2,1,2,0,3
2,10000,730,2,1,1,1,2,2,3
3,22000,1400,2,1,1,1,2,1,3
2,10000,900,2,1,1,1,2,1,3
1,6500,506,2,1,2,1,1,1,2
2,7000,749,2,1,2,1,2,2,4
1,18000,520,2,1,1,1,1,2,4
2,7000,850,2,1,2,1,2,1,1
2,22000,1000,2,1,1,2,2,2,3
1,7000,600,2,1,2,0,1,1,1
1,15000,1900,1,1,1,1,1,3,4
2,8000,600,1,1,1,1,1,1,2
1,7000,500,2,1,2,1,1,0,1
1,9000,550,2,1,2,1,1,1,2
2,9800,1200,2,1,2,1,2,0,4
3,14500,1107,1,1,1,1,2,4,4
1,15000,550,1,1,1,1,1,9,15
2,22000,1150,1,1,1,1,2,4,9
2,9000,600,2,1,2,1,2,0,2
3,18000,1235,2,1,1,1,2,1,2
1,8500,600,2,1,2,1,2,0,3
1,6500,400,2,1,1,1,2,0,2
3,40000,1400,1,1,1,1,3,3,5
3,17000,800,1,1,2,1,2,2,2
2,12000,700,2,1,2,1,2,1,2
2,30000,900,1,1,1,1,2,2,4
1,4000,400,2,1,2,1,1,2,3
2,14000,850,2,1,0,1,2,2,3
3,25000,1415,2,1,0,1,2,4,13
1,8000,281,1,1,2,1,1,0,1
1,12500,600,2,1,0,1,1,2,4
5,100000,6000,2,1,1,1,4,9,12
2,14000,1050,1,1,2,0,2,1,1
1,7500,390,1,1,2,1,1,0,1
3,17500,950,1,1,1,1,2,4,4
3,27000,1500,1,1,1,2,3,3,4
2,16500,200,1,1,2,1,2,2,2
2,12000,926,2,1,1,1,2,2,3
3,45000,1700,1,1,1,0,3,3,3
2,15000,1068,1,1,1,2,2,1,2
3,14000,1800,1,1,1,2,3,0,2
2,17000,590,1,1,1,1,2,0,3
3,34999,1400,1,1,1,1,3,2,4
1,7000,550,1,1,1,1,1,0,3
1,10500,520,2,1,1,1,1,3,4
2,15000,900,2,1,1,1,2,3,4
2,10000,700,2,1,1,1,2,0,3
1,7000,400,2,1,1,1,1,1,2
2,12000,826,2,1,1,1,2,1,2
2,10000,1050,2,1,1,1,2,1,2
2,15000,700,2,1,1,1,2,0,2
2,19000,800,1,1,1,1,2,1,4
2,25000,850,2,1,0,1,2,1,15
1,10000,502,2,1,2,1,1,1,1
2,13000,925,1,1,2,0,2,1,2
2,12500,500,2,1,2,1,1,2,3
2,10000,950,2,1,2,1,2,1,3
2,16000,930,2,1,1,1,2,1,4
2,11000,950,1,1,1,2,2,1,1
2,13000,800,1,1,1,1,2,1,1
2,15000,950,2,1,1,2,1,1,2
3,15000,1100,1,1,2,2,2,1,1
2,20000,750,2,1,2,1,3,3,4
2,12000,1000,2,1,1,1,2,3,5
2,11000,800,2,1,1,2,2,1,2
1,10000,500,1,1,2,0,1,0,2
3,30000,1500,1,1,1,1,3,0,14
1,8000,550,2,1,0,1,1,2,2
1,7000,400,2,1,1,1,1,0,2
1,10000,550,1,1,2,0,1,2,3
2,9300,730,2,1,2,1,1,1,2
2,10500,1000,1,1,1,2,2,1,2
2,16000,975,1,1,1,1,2,0,2
2,20000,1800,2,1,1,1,2,12,19
2,9000,745,2,1,1,1,2,1,2
2,18000,900,1,1,1,2,2,1,4
2,10000,600,2,1,2,2,2,0,1
2,16000,600,2,1,2,1,2,2,2
1,13500,450,1,1,2,0,1,3,4
2,16000,1030,2,1,1,1,2,2,4
2,8500,833,2,1,2,1,2,1,2
2,15000,1000,2,1,1,1,2,0,3
2,8200,840,1,1,2,1,2,1,1
2,20000,750,1,1,0,2,2,1,5
2,9000,950,2,1,1,1,2,2,3
1,13500,550,2,1,1,1,1,0,1
3,26000,1125,2,1,1,1,2,2,3
2,11000,700,1,1,2,1,2,1,3
2,18000,1100,2,1,1,1,2,1,2
2,10000,700,2,1,2,1,2,0,2
3,40000,1250,1,1,1,0,3,2,4
2,24000,1100,2,1,2,1,2,0,3
1,18000,475,1,1,1,1,1,2,11
2,11000,530,2,1,1,1,1,2,3
2,23000,1050,1,1,1,2,2,11,12
2,11000,830,2,1,1,2,2,0,2
2,8000,809,2,1,2,1,2,1,2
2,15000,900,2,1,1,1,2,0,3
1,9500,700,2,1,1,1,1,0,2
2,13500,1150,2,1,1,0,2,1,2
1,11000,750,2,1,1,1,1,0,2
2,13000,920,2,1,1,1,2,0,1
2,25000,1050,1,1,1,2,2,9,12
2,12000,1800,2,1,2,1,2,2,3
2,25000,1000,1,1,1,0,2,1,2
3,8500,1062,1,1,1,1,2,1,3
2,8500,800,2,1,2,1,2,0,1
1,5000,450,2,1,2,1,1,0,1
2,8500,900,2,1,2,1,1,0,1
4,100000,2240,1,1,0,1,4,0,3
1,7500,500,2,1,2,1,1,0,2
1,7000,750,2,1,2,1,1,1,1
3,26000,1400,2,1,1,1,3,11,15
2,12000,1200,1,1,1,0,2,2,2
2,18000,1424,2,1,1,1,2,2,2
1,13000,450,2,1,2,0,1,1,4
2,8000,805,2,1,2,1,2,1,2
1,6000,434,2,1,2,1,1,0,3
2,12500,1000,2,1,1,1,2,1,2
1,6500,595,2,1,1,1,1,1,1
2,10000,685,2,1,2,1,2,0,2
2,12500,1075,2,1,1,1,2,1,2
3,22000,1100,1,1,1,0,3,4,4
2,17000,950,1,1,2,2,2,1,2
3,20000,1500,2,1,2,0,3,19,31
3,22000,1100,2,1,1,1,2,0,2
2,11500,1100,1,1,1,0,2,2,2
3,23000,1000,1,1,2,0,3,1,3
2,19000,800,2,1,1,1,2,2,4
3,45000,1500,2,1,1,1,2,1,3
3,17000,1250,2,1,1,1,2,2,3
2,9500,650,1,1,2,1,2,1,2
3,45000,1650,2,1,2,1,3,1,5
4,60000,2317,2,1,2,1,4,10,12
2,12000,950,2,1,1,2,2,1,2
3,40000,1700,2,1,0,1,3,3,5
3,16000,1300,2,1,0,1,2,1,2
2,9000,805,2,1,1,1,2,1,2
2,35000,1109,2,1,1,1,2,3,3
1,4000,300,2,1,2,0,1,1,2
2,11000,700,2,1,2,1,1,1,3
2,9500,950,2,1,1,1,2,0,2
3,25000,1290,2,1,2,1,3,4,4
2,10000,950,2,1,2,1,2,0,2
1,12000,400,2,1,0,1,1,1,3
2,19397,2000,2,1,0,1,2,7,10
2,12000,939,2,1,1,1,2,3,4
3,10000,1200,1,1,2,1,3,1,3
2,20000,1800,2,1,1,1,2,1,1
3,15000,1200,1,1,2,1,2,2,5
2,28000,1200,2,1,1,2,2,1,3
3,10000,1750,2,1,2,1,3,1,1
1,3500,300,2,1,2,1,1,0,2
1,8000,650,1,1,2,0,1,1,3
2,13500,950,2,1,1,1,2,0,3
3,36000,1610,2,1,1,2,3,3,14
2,15000,900,2,1,2,1,2,1,2
1,5000,550,1,1,2,1,1,1,1
2,10000,700,2,1,2,1,2,0,2
2,10000,800,2,1,2,1,2,2,3
2,8500,580,2,1,1,1,2,3,5
2,11000,950,2,1,1,1,2,1,2
1,8000,700,1,1,2,1,1,1,1
2,12000,600,2,1,1,1,1,0,3
1,5000,200,2,1,1,1,1,0,3
1,7000,600,2,1,1,1,1,0,3
2,15000,550,2,1,2,1,2,0,3
1,10000,600,2,1,2,1,1,4,5
3,37500,1680,2,1,1,2,3,1,16
2,7000,1100,1,1,2,1,2,1,1
1,6500,600,2,1,2,1,1,0,2
2,16000,820,1,1,1,2,2,0,2
3,34000,1125,1,1,1,2,3,8,12
2,11500,973,1,1,1,2,2,4,4
2,15000,780,2,1,0,1,1,1,2
1,8000,400,2,1,2,1,1,0,1
2,22000,1000,1,1,1,1,2,2,4
3,85000,3500,1,1,1,1,3,0,1
1,6000,350,2,1,1,1,1,0,2
2,14000,800,1,1,1,0,2,2,2
2,11500,700,2,1,2,1,2,0,2
1,6000,550,2,1,2,1,1,0,2
3,24000,2100,2,1,1,1,4,0,2
3,32000,1700,2,1,1,1,3,2,2
3,16000,1420,1,1,1,1,2,0,1
2,13000,950,1,1,1,1,2,1,2
2,14000,780,2,1,1,1,2,2,2
1,7500,800,1,1,2,0,1,1,2
2,10000,500,2,1,1,1,1,2,4
2,18500,1000,2,1,1,1,2,25,32
2,12000,750,2,1,2,1,2,2,2
2,17000,1200,1,1,2,1,2,2,2
3,35000,1152,1,1,1,2,3,10,14
2,9000,843,2,1,1,1,2,2,3
2,13000,900,2,1,2,1,2,1,3
2,27999,1250,1,1,1,1,2,2,4
2,11000,650,2,1,2,1,2,2,2
1,12000,700,2,1,2,1,1,0,2
2,13000,720,1,1,2,2,2,1,2
4,80000,3000,1,1,2,0,4,1,2
2,22999,1144,1,1,1,1,2,1,1
3,36000,1750,1,1,2,0,3,1,4
3,70000,1450,2,1,2,1,2,0,2
2,12500,590,2,1,2,1,1,1,2
2,18000,900,2,1,1,1,2,2,2
2,10000,800,2,1,1,1,1,1,2
2,18000,1000,2,1,1,1,2,1,3
3,37000,1650,2,1,1,2,3,2,14
2,18000,700,1,1,1,1,2,0,1
3,25000,1280,2,1,1,1,2,1,1
2,10000,700,2,1,2,1,2,0,2
2,15000,980,2,1,2,1,2,1,4
2,15000,900,1,1,1,1,2,2,2
1,9000,450,2,1,2,2,1,1,1
2,14000,1200,2,1,2,1,2,2,4
2,8500,650,2,1,1,1,2,1,2
3,35000,1903,2,1,1,1,3,6,11
2,10000,650,2,1,1,1,1,2,3
1,5000,450,1,1,2,1,1,2,2
2,23000,900,1,1,2,0,2,3,5
2,15000,550,2,1,2,2,1,2,3
2,18500,750,2,1,1,1,2,0,3
2,28000,1000,2,1,1,1,2,2,4
3,32000,1050,1,1,1,2,3,4,12
1,14000,650,1,1,0,2,2,1,3
1,7000,400,2,1,1,1,1,1,3
3,33000,1075,1,1,1,2,3,7,12
3,100000,2000,1,1,1,0,3,3,14
2,18000,720,2,1,1,1,2,4,5
3,16000,1000,1,1,2,0,2,1,3
1,8500,500,2,1,2,1,1,0,2
2,10000,900,2,1,0,1,2,0,3
2,13500,900,2,1,1,1,2,5,7
2,19000,900,2,1,1,1,2,1,3
1,11500,1000,2,1,2,1,2,1,2
3,22000,1300,2,1,1,2,3,1,3
3,12000,1383,2,1,1,0,3,2,4
2,10000,800,1,1,1,0,2,0,1
2,15000,1500,1,1,2,0,2,1,1
3,35000,1350,1,1,1,0,2,0,2
3,70000,2000,1,1,1,0,3,3,4
3,32000,1200,1,1,2,0,2,0,4
3,35000,1912,1,1,2,0,3,1,4
1,10000,500,1,1,2,0,1,1,2
2,11000,950,2,1,2,0,2,1,1
2,12000,1000,1,1,2,0,2,1,1
3,40000,1600,1,1,2,0,3,11,16
2,8000,900,2,1,2,1,2,0,2
3,20000,1265,2,1,1,1,2,1,3
3,12000,1060,2,1,1,1,2,3,4
2,15000,1050,2,1,1,1,2,1,2
3,27000,1500,1,1,2,0,3,2,4
2,13000,890,1,1,2,0,2,1,2
2,9000,700,1,1,2,1,3,1,2
3,25000,1146,1,1,1,1,2,1,2
1,12000,700,2,1,1,1,1,1,2
2,18000,800,1,1,1,0,2,0,2
2,9500,640,1,1,2,1,2,0,1
2,14000,909,2,1,1,1,2,5,14
4,40000,2400,1,1,2,0,3,0,2
4,70000,3800,1,1,1,1,4,0,1
2,15000,400,2,1,2,1,2,1,3
2,8500,886,2,1,2,2,2,2,3
3,27500,1570,2,1,1,1,3,4,5
2,15000,900,2,1,2,1,2,1,2
1,5000,400,2,1,2,1,1,0,2
2,26000,1600,2,1,1,1,2,0,2
2,14000,1000,2,1,2,1,2,2,3
2,20000,850,2,1,1,1,2,0,4
2,12000,750,2,1,2,1,2,0,3
2,17000,750,2,1,2,1,2,1,2
3,75000,2000,1,1,1,1,3,3,4
3,19500,1270,2,1,1,0,2,1,2
2,10000,2000,1,1,1,1,2,1,2
2,32000,1250,2,1,0,1,2,3,7
2,15000,1000,2,1,2,2,2,0,2
3,28000,1050,1,1,1,1,3,5,10
2,10677,800,2,1,1,1,2,5,6
3,50000,1625,2,1,0,1,3,8,11
3,32500,1535,2,1,2,1,3,1,2
2,23000,850,1,1,0,1,2,1,2
4,75000,3800,1,3,1,1,4,3,10
2,10000,1100,2,3,2,1,2,1,3
3,60000,3200,1,3,1,1,3,1,5
2,12000,647,2,3,2,1,1,2,3
3,48000,1798,2,3,1,1,3,7,14
3,58000,1700,1,3,0,1,3,11,17
2,14000,930,2,3,1,1,2,5,5
1,7000,150,2,3,2,1,1,0,2
2,13000,1200,2,3,1,1,2,3,4
2,11000,1250,2,3,2,1,2,2,3
2,9500,900,2,3,1,1,2,3,4
1,7500,500,2,3,1,1,1,2,3
2,14000,900,1,3,1,0,2,0,2
2,16000,1100,2,3,0,2,2,2,5
3,18000,1500,2,3,1,1,3,4,5
1,8200,500,2,3,2,1,1,1,3
3,12000,1300,1,3,0,1,3,1,4
1,10000,300,2,3,0,1,1,10,31
2,13000,800,2,3,1,1,2,1,3
3,22000,1400,1,3,1,1,2,1,6
1,10500,500,2,3,0,1,1,0,4
2,11000,750,2,3,2,1,2,3,5
3,20000,1200,2,3,1,1,3,2,4
3,14000,1350,1,3,1,1,2,3,4
2,12500,1400,2,3,2,1,2,0,4
1,10500,450,2,3,2,1,1,3,5
3,30000,2061,2,3,0,1,3,1,6
2,11000,100,2,3,0,2,2,2,3
2,9000,1100,2,3,1,1,2,2,2
3,35000,1650,1,3,1,2,3,5,5
3,23382,1500,2,3,1,1,3,1,1
2,9500,1140,2,3,1,1,2,3,4
2,9000,990,2,3,2,0,2,0,1
3,60000,1700,2,3,1,1,3,7,17
2,11000,1200,2,3,2,1,2,2,4
2,11000,850,2,3,2,1,2,1,3
2,11000,900,2,3,2,1,2,2,3
2,8000,800,2,3,1,1,2,0,2
2,9000,1000,2,3,2,0,2,1,2
2,8000,1020,2,3,1,1,2,3,4
1,5500,300,2,3,2,1,1,0,3
2,12000,1800,2,3,1,1,2,0,2
3,25000,919,1,3,1,1,2,8,13
3,23000,25,1,3,1,1,3,5,6
2,12000,1050,2,3,1,1,2,1,3
2,6500,200,1,3,2,0,2,0,1
1,9000,450,2,3,2,1,1,1,4
4,25000,1000,2,3,1,1,3,15,20
3,12500,1250,1,3,1,0,2,2,5
3,45000,1900,1,3,2,0,3,9,15
2,27000,1500,2,3,1,1,2,0,4
3,75000,2395,1,3,1,2,3,14,17
2,9000,1800,2,3,0,1,2,1,1
2,12000,700,1,3,2,1,2,3,3
3,24000,1700,2,3,2,2,2,4,5
2,15000,1200,2,3,2,0,2,2,3
3,24000,1600,1,3,1,1,3,3,5
2,12000,745,2,3,2,1,2,8,9
3,27000,2210,2,3,1,2,3,4,5
3,30000,1450,1,3,1,1,3,9,13
3,20000,1400,2,3,1,2,3,3,4
3,22000,2000,1,3,0,0,3,-1,1
4,25000,1815,2,3,1,1,3,2,5
2,23000,1000,2,3,1,1,1,-1,1
2,12000,1000,2,3,2,1,2,3,3
2,18000,1200,2,3,2,1,3,5,6
3,55000,2430,2,3,1,0,3,7,9
1,5000,140,2,3,2,1,1,2,3
2,13000,1200,2,3,1,1,2,2,5
2,9000,1100,2,3,2,1,3,2,4
2,7000,800,1,3,2,0,2,1,3
3,28000,1500,2,3,1,1,3,3,5
2,15000,1200,2,3,1,1,2,2,5
3,14000,1350,2,3,1,1,3,2,5
5,45000,2300,1,3,2,0,3,3,5
1,12000,1300,2,3,0,1,2,2,4
2,12500,1000,2,3,1,1,2,3,4
2,13000,1210,2,3,2,1,2,4,5
2,9500,1050,2,3,2,1,2,2,3
3,35000,1600,1,3,1,2,3,8,10
1,4000,300,2,3,2,1,1,3,3
1,8000,300,2,3,1,1,1,4,4
2,12500,1010,1,3,2,0,2,5,5
3,65000,1850,1,3,0,0,3,5,5
2,13000,1300,1,3,1,0,2,0,3
2,12500,1100,1,3,2,0,2,3,3
3,45000,2200,1,3,1,1,3,3,5
1,6000,500,0,3,2,1,1,5,5
3,50000,2290,2,3,1,0,3,4,24
3,40000,1900,1,3,1,1,3,4,5
3,30000,1600,1,3,1,1,3,2,5
2,7000,800,2,3,2,1,1,2,3
3,25000,1600,2,3,0,1,3,2,5
1,9000,500,2,3,2,1,1,1,5
3,16000,1500,1,3,0,2,3,2,3
1,10500,650,2,3,1,1,1,1,3
4,100000,3300,1,3,1,2,4,0,14
2,9000,1200,2,3,2,1,2,0,1
2,11000,800,2,3,1,1,2,2,3
3,24000,1200,2,3,1,1,4,1,3
2,12000,1000,2,3,2,1,1,2,3
2,20000,1600,2,3,2,2,3,1,2
2,24000,1200,1,3,0,1,2,1,3
2,12000,1100,2,3,1,1,2,2,2
3,12000,1250,1,3,1,2,3,2,6
2,10000,1100,1,3,2,1,2,0,2
2,45000,1600,2,3,0,1,2,1,6
2,22000,1000,2,3,1,1,2,2,2
1,6500,455,2,3,2,1,1,2,3
3,40000,1473,2,3,0,1,2,23,23
1,4000,400,2,3,2,1,1,0,1
2,12000,1300,2,3,1,1,2,1,2
4,27000,2520,1,3,1,2,5,2,2
1,10000,500,2,3,0,1,1,2,5
2,10000,200,2,3,2,1,1,0,2
2,10000,1200,2,3,2,1,2,0,1
3,18000,1950,2,3,1,1,3,2,5
1,14500,500,1,3,1,0,1,2,5
1,9000,500,2,3,2,1,3,3,3
2,14000,1150,2,3,0,1,2,1,3
2,18000,242,2,3,2,1,2,0,4
2,9500,720,1,3,1,1,2,5,7
3,49000,1800,2,3,2,0,3,19,30
1,9000,450,2,3,1,1,1,1,3
2,8000,690,2,3,2,1,2,2,4
2,13000,1000,2,3,0,1,2,2,4
3,18000,1500,2,3,1,1,2,0,4
3,18000,1150,2,3,1,1,3,0,6
3,32000,1783,2,3,1,1,2,1,5
2,15000,900,2,3,2,1,2,1,3
3,35000,1725,2,3,0,1,3,2,13
1,6000,680,1,3,2,1,1,0,3
1,9000,550,2,3,1,1,1,2,3
2,9500,1290,2,3,1,1,2,1,2
2,12500,1450,2,3,1,1,2,0,2
2,25000,1300,2,3,1,1,2,3,3
2,15000,1450,2,3,1,1,2,2,4
3,38000,1496,1,3,1,0,2,10,15
3,20000,1850,2,3,1,2,2,1,5
3,15000,1600,1,3,1,1,3,2,4
3,27000,1850,2,3,1,1,3,5,6
2,16000,1210,2,3,2,1,2,3,5
2,13000,1400,2,3,1,1,2,0,1
2,10000,950,2,3,1,1,2,0,4
2,10000,878,2,3,1,1,2,3,4
2,17000,875,2,3,2,1,2,2,6
2,12500,300,2,3,0,1,2,3,4
3,25000,1800,2,3,0,1,3,4,5
3,35000,1956,2,3,1,0,3,1,9
2,12000,800,2,3,2,1,1,2,4
2,12000,1175,2,3,2,1,2,5,5
2,15000,1080,2,3,1,1,2,3,4
3,45000,1955,2,3,2,0,3,1,19
2,20000,950,2,3,2,1,2,1,5
2,15000,800,2,3,2,1,2,2,3
2,10000,1090,2,3,2,1,2,2,4
3,15000,1450,1,3,1,2,3,2,5
2,19800,1070,1,3,1,1,2,3,4
2,8500,60,2,3,2,1,2,3,5
1,8500,900,1,3,2,2,1,2,2
1,4500,60,2,3,1,1,1,1,2
2,9000,600,2,3,2,1,2,3,4
1,13000,750,1,3,1,2,1,3,3
2,18000,900,2,3,2,1,2,2,4
3,26000,1800,1,3,1,1,3,2,4
1,17000,470,2,3,0,1,1,3,5
2,9000,720,2,3,2,1,2,1,3
1,8000,450,2,3,2,1,1,0,3
2,10000,600,2,3,2,1,2,7,7
2,12000,1100,2,3,2,1,2,1,1
2,14000,1300,2,3,2,1,2,3,3
2,25000,1500,2,3,1,1,2,0,2
2,22000,1200,2,3,0,1,2,4,8
4,45000,3000,2,3,1,1,4,3,4
3,20000,2000,1,3,1,1,3,1,1
2,16000,800,2,3,2,1,2,2,4
3,35000,1000,1,3,1,1,3,3,6
2,15000,1200,2,3,2,1,2,2,3
1,5500,400,2,3,2,1,1,1,2
3,35000,1250,1,3,2,0,2,4,5
1,14000,700,1,3,1,1,1,5,5
2,25000,1100,2,3,0,1,2,1,5
4,36000,2050,2,3,1,1,2,1,3
2,20000,1428,2,3,1,2,2,4,8
3,30000,1700,1,3,0,2,3,3,5
2,12000,1140,2,3,1,2,2,2,5
2,16000,1000,2,3,1,1,2,2,5
2,13000,1160,2,3,2,0,2,3,5
3,22000,3000,1,3,0,1,2,3,5
1,15000,450,2,3,2,2,1,1,3
3,14000,1540,2,3,2,1,2,2,5
2,8000,1000,2,3,1,1,2,2,8
3,57000,1417,1,3,0,0,3,7,30
3,1200,2100,1,3,0,1,3,1,3
2,8000,550,1,3,2,0,1,4,4
3,15000,1600,2,3,1,1,3,1,5
2,17000,1200,2,3,0,1,2,4,5
2,12000,500,2,3,0,1,2,1,2
3,25000,1300,1,3,1,1,2,0,5
2,13000,600,2,3,2,1,1,1,3
3,35000,1565,1,3,0,1,3,1,6
1,6500,350,2,3,2,1,1,2,4
2,11000,1100,2,3,2,1,2,1,4
2,25000,1200,2,3,1,1,2,1,6
3,35000,2000,2,3,0,2,3,1,5
3,27000,2200,2,3,1,1,3,3,6
3,18000,1400,2,3,2,1,3,2,4
3,20000,1950,2,3,1,1,3,5,6
2,8500,130,1,3,2,1,2,1,1
2,14000,1300,2,3,1,1,2,0,2
3,35000,1675,2,3,2,1,3,5,12
2,16000,1135,2,3,1,1,2,3,5
3,20000,1800,2,3,2,1,2,3,4
3,18000,1400,2,3,0,1,3,1,5
2,10000,950,2,3,2,1,2,0,4
2,12000,650,2,3,2,1,2,1,2
1,5300,100,1,3,1,1,1,3,3
2,11000,950,1,3,2,0,2,2,3
2,12000,1000,1,3,2,0,2,1,2
2,12000,900,1,3,1,1,1,3,4
3,20000,1800,1,3,1,1,3,7,10
2,13000,1000,2,3,2,1,2,2,3
3,22000,1800,2,3,1,1,3,2,5
2,15000,1000,2,3,1,1,2,2,4
1,5400,450,2,3,2,1,1,1,2
3,16500,1771,2,3,2,1,3,2,5
2,12000,1150,1,3,0,1,2,4,5
2,8500,1000,2,3,1,1,2,2,3
2,14000,1050,1,3,1,0,2,2,5
3,15000,1500,1,3,2,1,2,2,3
2,6000,750,2,3,2,1,2,1,2
2,14000,1100,2,3,1,1,2,0,4
2,15000,800,2,3,2,1,2,0,3
3,37000,150,1,3,2,0,3,1,5
1,6500,750,2,3,2,1,1,2,3
2,10000,600,2,3,2,1,1,2,3
2,12000,1080,2,3,1,1,2,2,3
2,12000,1100,2,3,2,1,2,3,3
2,9000,750,2,3,1,1,2,2,3
3,60000,2405,2,3,1,0,4,10,14
2,18000,1248,1,3,1,1,2,4,5
2,14000,1110,1,3,1,1,2,2,5
3,50000,2300,1,3,1,1,3,2,5
2,17000,1000,1,3,0,0,2,3,5
2,9000,800,2,3,2,1,2,4,5
4,80000,3115,2,3,0,1,5,3,3
1,7500,500,2,3,2,1,1,1,2
2,14000,950,1,3,2,1,2,5,5
2,14000,1374,2,3,1,1,2,2,3
1,10000,1300,1,3,0,1,1,0,1
2,17000,1150,2,3,0,1,2,5,6
1,6500,450,1,3,1,0,1,2,3
2,10000,927,2,3,1,1,2,3,5
3,22000,1500,2,3,2,1,3,4,5
2,15000,1200,2,3,2,1,2,1,3
2,12000,1200,2,3,1,1,2,0,2
3,52000,2800,1,3,0,2,3,16,19
1,6500,562,2,3,2,1,1,3,4
2,20000,1500,2,3,1,1,2,1,3
3,25000,1950,2,3,1,1,3,0,3
3,14000,1360,2,3,0,0,2,3,8
3,25000,1800,2,3,1,1,3,1,3
2,12500,950,2,3,1,1,2,2,8
2,12000,780,1,3,2,0,2,3,3
1,10000,500,2,3,1,1,1,1,3
2,17000,1050,2,3,1,1,2,3,5
1,15500,600,1,3,1,0,1,-1,1
3,65000,1800,1,3,1,1,3,0,1
3,60000,1800,1,3,2,1,3,14,30
3,45000,1900,1,3,1,2,3,4,10
2,10500,1100,2,3,2,1,2,3,5
2,9000,200,2,3,2,1,1,2,7
3,20000,1400,2,3,1,1,3,3,5
2,20000,1200,1,3,1,0,2,2,5
3,18000,1600,2,3,0,1,3,2,5
2,12000,1150,2,3,1,1,2,2,5
2,12000,130,2,3,2,1,2,2,3
3,28000,1720,2,3,1,1,3,4,10
1,6000,500,2,3,2,1,1,1,3
2,12500,1200,2,3,2,1,2,2,6
4,31000,2400,2,3,1,1,4,2,4
2,7000,800,2,3,0,1,2,3,4
2,22000,1300,2,3,1,1,2,4,5
2,17500,1400,2,3,0,1,2,4,6
2,14000,650,2,3,2,1,2,1,3
2,9500,103,2,3,2,1,2,2,4
1,7000,950,2,3,1,1,1,1,5
3,15000,1500,2,3,2,1,3,3,5
3,15000,1550,1,3,2,1,2,5,5
2,10000,140,2,3,2,1,2,2,4
3,14000,1800,2,3,2,1,2,1,2
4,85000,2550,1,3,1,1,4,2,3
1,5500,500,2,3,2,1,1,0,3
2,14000,800,2,3,1,1,2,0,3
2,10000,800,2,3,1,1,2,1,2
2,10000,1300,2,3,2,1,2,2,4
2,13000,600,2,3,2,1,2,2,3
3,20000,1000,2,3,2,1,3,2,6
3,25000,1000,1,3,1,1,3,1,4
1,7500,500,2,3,1,1,1,2,3
2,12000,1100,1,3,2,1,2,2,3
2,9500,1100,1,3,2,1,2,0,3
2,12000,200,1,3,2,0,2,1,1
2,10000,1800,2,3,2,2,2,2,3
2,8000,190,2,3,0,1,2,1,1
3,16000,1350,2,3,2,1,2,1,3
2,12333,1200,2,3,2,1,2,0,1
1,9500,400,1,3,2,0,1,3,4
2,16000,1200,2,3,1,1,2,0,4
3,20000,1400,2,3,1,1,3,4,5
3,14000,1300,1,3,2,0,3,2,3
1,7500,400,1,3,2,1,1,2,2
1,13900,650,2,3,2,1,1,1,6
1,5500,500,2,3,2,0,1,2,3
2,9000,875,2,3,1,1,2,4,5
1,4700,850,2,3,2,1,2,3,3
3,30000,1730,2,3,1,1,3,7,9
3,16500,1500,1,3,1,0,3,2,6
3,24000,1600,1,3,1,1,3,4,4
2,9500,900,2,3,2,1,2,1,2
2,12000,925,2,3,1,1,2,2,2
2,15000,1500,2,3,2,1,2,2,4
3,22500,1600,1,3,1,2,3,1,3
3,32000,1300,1,3,1,0,3,2,3
2,10000,1200,2,3,1,1,2,0,3
2,13000,133,2,3,1,1,2,1,2
2,7000,950,2,3,2,2,2,0,1
3,12000,1200,2,3,1,1,3,3,4
2,7500,950,2,3,2,1,2,1,2
2,15000,1095,2,3,1,1,2,4,5
1,8000,400,2,3,2,1,1,3,4
3,25000,2210,2,3,1,2,3,4,5
3,26000,1450,2,3,1,1,2,4,5
3,15000,192,2,3,1,1,3,2,4
1,3000,80,2,3,1,1,1,0,2
2,12500,1315,2,3,1,1,2,0,2
3,42000,1600,1,3,1,1,3,2,5
2,20000,1450,2,3,1,1,2,2,6
3,40000,1900,1,3,1,1,3,2,5
3,45000,2600,1,3,1,1,3,2,5
1,8500,450,2,3,2,1,2,0,1
2,15000,1000,2,3,1,1,2,4,5
2,9000,100,2,3,2,1,2,2,3
2,14000,1100,2,3,2,1,2,0,3
2,11000,1200,2,3,2,1,2,2,2
2,10000,1400,2,3,2,1,2,2,4
3,55000,2000,1,3,1,2,3,0,12
2,10000,1070,1,3,2,2,2,2,5
2,25000,1450,1,3,2,2,2,3,3
2,27000,1230,2,3,0,1,2,1,6
2,12000,1000,2,3,1,0,3,0,2
2,16000,1200,2,3,2,1,2,1,2
2,8000,150,2,3,2,1,2,0,1
2,14000,850,2,3,1,2,2,4,6
2,10000,1300,2,3,2,1,2,0,1
2,16000,1250,2,3,1,1,2,1,5
1,6000,100,2,3,2,1,1,2,3
3,26000,1550,1,3,2,0,2,4,5
2,13000,1300,1,3,2,1,2,2,2
3,28000,1600,1,3,1,0,2,5,20
2,8500,1200,2,3,2,1,3,0,2
2,12500,1200,2,3,1,1,2,2,5
3,25000,1970,2,3,1,1,3,5,9
2,10000,650,1,3,2,0,2,4,4
2,12000,1000,2,3,2,1,3,4,5
3,15000,1500,2,3,2,1,3,1,1
2,6000,1250,2,3,2,2,2,0,1
3,30000,1940,1,3,1,0,3,1,5
2,18000,700,1,3,2,1,2,7,8
2,8500,700,2,3,1,1,1,2,3
2,7500,100,2,3,2,1,2,1,3
1,12000,300,2,3,1,1,1,2,3
2,15000,980,2,3,1,1,2,3,5
2,15500,800,2,3,1,1,2,2,2
3,20000,1250,2,3,2,1,2,2,6
2,11000,1000,1,3,1,2,2,0,1
2,15000,1000,2,3,2,1,2,0,4
3,17000,1800,1,3,2,1,3,0,1
3,20000,2000,1,3,1,1,3,1,3
3,20000,1500,2,3,1,1,3,1,6
2,12000,1050,2,3,2,1,3,3,4
2,25000,1100,2,3,0,1,2,1,7
2,11500,1000,1,3,1,1,2,2,3
2,6500,700,2,3,2,1,2,2,3
1,10000,750,2,3,2,1,1,1,2
1,6000,450,2,3,2,1,1,2,6
3,14000,1000,2,3,2,1,2,1,2
3,34000,1500,1,3,1,2,3,2,14
2,15000,1550,2,3,0,2,2,0,13
2,20000,1450,2,3,1,1,2,2,3
2,9500,650,1,3,2,1,2,3,5
2,10000,650,1,3,2,1,2,3,5
3,30000,1500,1,3,1,1,3,5,5
2,13000,900,2,3,0,1,2,2,3
3,45000,1645,1,3,1,1,3,8,19
2,8000,600,2,3,2,1,2,4,7
2,25000,1250,2,3,1,1,2,0,6
2,12000,1300,1,3,1,0,2,1,2
2,19000,1000,1,3,1,2,2,1,3
3,22000,1500,2,3,1,1,3,4,6
2,15000,1150,2,3,1,1,2,4,5
2,15000,110,2,3,1,1,2,2,3
2,10000,103,2,3,2,1,2,0,1
2,10000,1050,1,3,2,0,2,4,5
2,7000,60,2,3,2,1,2,1,6
2,15000,1170,2,3,2,1,2,2,4
2,9500,167,2,3,2,1,2,0,1
1,6500,500,2,3,1,1,1,2,2
1,10000,600,2,3,2,1,1,0,4
1,8000,600,2,3,2,1,1,1,4
1,3300,200,2,3,2,1,1,0,2
2,12000,600,2,3,2,1,1,1,2
2,20000,900,2,3,1,1,2,2,4
2,12000,800,2,3,2,1,2,0,6
3,20000,1000,1,3,1,1,2,2,4
3,70000,3200,1,3,1,2,3,11,15
2,10000,1400,2,3,0,1,2,0,1
1,8500,550,2,3,2,1,1,0,2
1,8000,540,1,3,2,2,1,4,4
1,8000,400,2,3,2,1,1,0,3
2,13000,1225,2,3,2,0,2,2,4
3,15500,1430,1,3,0,1,2,1,1
2,30000,1200,2,3,0,1,2,2,25
2,10000,1197,2,3,2,1,2,0,2
2,18000,1150,1,3,1,0,2,2,5
1,12000,500,2,3,1,1,1,4,5
2,9000,1200,1,3,1,1,2,0,2
1,6000,500,2,3,1,1,2,2,4
3,32000,1600,2,3,0,1,3,3,6
2,36000,1100,2,3,0,1,2,1,5
2,17000,1220,2,3,1,1,2,1,6
3,20000,1500,2,3,0,1,3,2,5
1,9000,500,2,3,2,1,1,4,4
2,9500,850,2,3,2,1,2,2,3
2,7000,1000,2,3,2,1,2,2,3
3,17000,100,1,3,2,1,3,1,1
2,19500,1140,2,3,0,1,2,0,5
2,25000,1100,2,3,0,1,2,2,3
3,14000,1400,2,3,1,1,2,3,4
2,16000,1350,2,3,1,1,2,3,5
2,15000,180,1,3,2,1,2,0,2
2,13000,1250,2,3,2,1,2,2,6
2,12000,1300,2,3,2,1,2,2,5
2,12000,840,2,3,2,1,2,2,4
2,7500,1200,2,3,1,1,2,1,3
2,13000,700,2,3,0,1,2,3,4
4,52000,2700,2,3,0,1,4,11,13
2,22000,1100,1,3,0,2,2,1,12
2,18000,1000,1,3,1,0,2,0,2
2,7000,1000,2,3,1,1,3,1,2
3,16500,1600,2,3,1,2,3,2,5
3,13000,1550,1,3,2,0,3,1,5
1,6000,600,2,3,1,1,1,0,4
1,6000,500,2,3,1,1,1,1,2
2,21000,1100,1,3,1,1,2,4,5
3,10000,1000,1,3,0,2,2,2,2
2,12000,1000,2,3,1,1,2,2,2
3,30000,1800,1,3,2,1,3,5,5
2,15000,1300,1,3,1,1,2,3,5
2,10000,1100,2,3,2,1,2,0,2
2,9000,950,2,3,2,1,2,2,3
2,10000,1000,1,3,1,0,2,2,3
2,8000,1200,2,3,2,1,2,1,3
6,60000,2800,2,3,0,1,7,0,3
2,8000,550,2,3,2,1,2,2,4
2,8500,1000,1,3,1,1,2,2,16
2,7500,800,2,3,1,1,2,2,4
2,5000,600,2,3,2,1,1,0,2
3,30000,1800,1,3,2,2,3,5,5
1,7500,500,2,3,1,1,1,1,3
2,12000,1000,2,3,2,1,2,2,4
2,15500,1100,2,3,1,1,2,3,4
3,26000,1450,2,3,1,2,2,4,7
1,8000,550,2,3,1,1,1,2,3
2,12000,933,2,3,2,0,2,2,5
3,15000,1100,1,3,1,1,2,1,10
2,10000,1030,2,3,1,2,2,3,6
3,20000,1150,1,3,1,2,3,2,4
2,12500,850,1,3,2,0,2,0,5
2,18000,1000,2,3,2,1,2,2,3
3,21000,1400,1,3,1,2,3,3,4
3,95000,2700,1,3,0,0,3,23,30
3,26000,1700,1,3,1,2,3,7,14
3,53000,1742,2,3,1,2,2,25,35
2,13000,1000,2,3,2,1,2,3,4
2,12000,1440,2,3,1,1,2,1,3
3,28000,1600,2,3,1,1,3,1,6
3,57000,1838,2,3,2,0,3,4,30
2,10000,1200,2,3,2,0,2,2,2
3,21467,200,2,3,2,1,1,1,1
1,32000,1050,1,3,0,0,1,2,3
1,7000,400,1,3,2,1,1,4,4
2,30000,1350,2,3,1,0,2,5,14
3,40000,1960,2,3,2,0,3,13,25
1,9000,800,2,3,2,1,1,1,2
2,15000,1000,2,3,2,0,2,2,5
2,18000,1100,2,3,2,1,2,1,4
3,25000,1480,2,3,0,1,3,2,3
1,8500,700,1,3,2,1,1,0,3
3,20000,1500,2,3,0,1,2,5,6
2,12000,1000,2,3,1,1,2,5,6
2,12500,900,2,3,1,1,2,1,3
3,25000,1250,2,3,1,1,2,2,8
2,10000,1100,2,3,2,1,3,2,2
3,18000,1300,2,3,1,0,2,3,3
3,12000,1275,1,3,2,1,2,4,5
3,13000,1265,2,3,1,1,3,2,5
1,13000,700,1,3,2,0,1,1,3
2,25000,1150,2,3,0,1,2,1,5
2,9000,850,1,3,1,2,2,0,2
2,10000,1285,2,3,1,1,2,2,4
3,15000,2000,2,3,1,1,3,0,2
2,20000,1000,2,3,1,1,3,1,1
1,13500,700,2,3,1,1,1,4,4
3,21000,1100,2,3,1,1,2,4,10
2,10000,1000,2,3,1,1,2,1,3
2,10000,800,2,3,2,1,2,0,5
2,10000,1400,2,3,0,1,2,0,1
2,24000,1350,1,3,1,1,2,1,5
2,13000,1100,2,3,1,1,2,1,4
2,8000,840,2,3,2,1,2,2,3
2,55000,1325,2,3,0,1,2,6,8
5,50000,3500,1,3,2,1,6,2,3
3,32000,1250,1,3,1,1,3,5,6
3,22000,1500,2,3,1,1,3,3,6
2,8500,1050,1,3,2,1,2,1,2
3,12000,1200,2,3,1,1,2,2,3
3,15000,1500,1,3,1,1,3,4,5
1,3000,100,2,3,1,1,1,1,2
3,52000,1742,2,3,1,2,3,23,35
2,9500,650,1,3,2,1,2,3,4
3,46000,2235,1,3,2,2,5,0,10
2,12000,1000,2,3,1,1,2,1,3
2,8000,175,2,3,1,1,2,1,3
2,9000,160,2,3,2,1,2,0,2
2,10000,1200,2,3,0,1,2,2,3
2,39000,1283,2,3,2,0,2,5,34
1,9000,600,2,3,1,1,1,1,3
3,25000,1500,1,3,1,2,3,1,2
1,14000,540,1,3,2,0,1,1,5
1,6000,500,2,3,2,1,1,2,2
2,15000,1100,2,3,2,1,2,1,4
2,8000,1350,1,3,2,0,2,1,2
1,6000,400,2,3,2,1,1,2,2
2,10000,120,2,3,1,1,2,0,2
3,35000,3050,2,3,1,1,3,0,2
2,16000,400,2,3,2,1,3,0,2
2,14000,800,2,3,1,1,2,1,4
2,10000,90,2,3,2,1,1,0,3
1,7000,500,2,3,2,1,1,1,4
2,8000,1150,2,3,2,1,2,1,4
3,22000,1700,2,3,1,1,2,2,3
2,12000,1000,2,3,2,1,2,3,5
3,10000,1100,1,3,1,1,1,1,4
3,15000,1360,2,3,1,1,3,6,8
1,6500,400,2,3,2,1,1,1,2
2,25000,1150,2,3,2,1,2,1,4
2,12000,700,2,3,1,1,2,1,5
1,9000,100,1,3,2,1,1,-1,1
2,7000,800,1,3,2,0,2,0,1
2,20000,500,2,3,1,1,2,1,5
2,9000,900,2,3,1,1,2,1,3
3,30000,1500,1,3,1,1,2,3,4
3,15500,1600,2,3,1,2,3,1,4
2,10500,1300,2,3,2,1,2,1,3
3,16000,1305,2,3,1,1,2,2,5
1,6000,400,2,3,2,1,1,1,2
2,15000,600,2,3,0,1,2,1,2
2,21000,1130,2,3,2,0,2,3,5
1,9000,890,1,3,1,0,1,4,5
3,30000,1606,2,3,1,1,3,9,19
1,6500,650,2,3,2,1,1,0,3
2,6000,600,2,3,2,1,1,3,4
2,45000,1350,1,3,0,0,2,20,35
2,15000,1050,2,3,2,1,2,1,4
2,16000,1600,2,3,2,1,3,1,2
3,22000,1840,2,3,1,1,3,3,6
2,12000,1100,2,3,2,1,2,5,6
2,13000,800,2,3,1,1,2,2,3
2,10000,800,2,3,2,1,2,0,3
2,15000,1100,2,3,1,1,2,1,5
3,15000,2000,2,3,1,1,3,0,1
1,9000,750,2,3,2,1,1,2,5
3,20000,1650,2,3,1,1,2,3,5
2,6500,600,2,3,2,1,2,2,2
3,45000,2352,1,3,1,2,4,1,5
3,42000,2671,1,3,1,2,3,2,14
2,12000,550,2,3,2,1,2,1,4
3,24000,1700,2,3,1,1,4,1,5
2,16000,1050,1,3,1,1,2,2,2
6,20000,2400,2,3,2,2,4,0,1
2,15000,800,2,3,1,1,2,1,2
2,15000,1000,2,3,1,1,2,2,3
2,8000,1100,2,3,2,1,2,2,3
1,6500,160,2,3,2,1,1,0,1
2,22000,1230,2,3,1,2,2,5,5
1,6200,500,2,3,2,1,1,0,5
1,9000,300,2,3,0,1,1,2,4
2,9000,1156,1,3,2,0,2,0,2
2,15000,1100,2,3,1,1,2,2,4
2,15000,1250,1,3,1,0,2,3,4
3,15000,900,2,3,1,1,3,0,1
1,6800,650,2,3,2,1,1,2,3
1,5000,350,2,3,2,1,1,2,3
2,12000,1500,2,3,0,1,2,0,3
2,12000,100,2,3,1,1,2,0,3
2,12000,900,2,3,1,1,2,2,4
2,18000,990,2,3,0,1,2,3,3
3,25000,1700,2,3,1,1,3,5,5
2,15000,900,2,3,0,1,2,3,6
3,23000,1700,2,3,1,1,3,2,5
2,10500,1050,2,3,2,1,2,0,3
3,37000,1550,2,3,1,1,3,3,5
2,16000,1050,1,3,1,1,2,1,2
3,25000,1600,2,3,1,1,3,4,5
2,14000,1250,2,3,2,1,2,1,4
2,10000,700,2,3,1,1,1,3,4
2,12500,1100,2,3,1,1,2,2,3
2,15000,850,2,3,1,1,1,3,5
3,35000,1700,1,3,1,0,3,2,3
3,30000,1800,1,3,0,1,3,1,5
1,8000,520,2,3,1,1,1,3,5
2,7000,800,2,3,2,1,2,0,1
1,5500,67,2,3,1,1,1,0,1
1,5000,500,2,3,2,1,1,2,3
2,8500,1060,2,3,1,1,2,2,5
2,8000,900,2,3,0,1,1,0,2
2,16000,1650,2,3,1,1,1,0,3
2,7500,800,2,3,1,1,2,2,4
6,35000,3400,2,3,2,1,7,0,2
3,8000,1100,1,3,1,1,1,2,5
2,45000,1492,2,3,1,1,2,4,31
3,9000,1100,1,3,1,1,1,1,4
4,60000,2990,2,3,1,1,3,3,13
3,70000,2780,2,3,1,1,3,4,26
2,9000,1100,1,3,2,1,2,1,2
2,11000,90,2,3,1,1,2,0,5
2,5800,760,2,3,2,2,2,1,2
1,9000,600,2,3,0,1,1,0,4
2,18000,940,2,3,1,1,2,6,10
3,45000,1742,1,3,1,2,3,24,33
3,55000,2000,1,3,1,1,3,0,12
1,9500,800,2,3,1,1,1,3,4
3,35000,1800,2,3,0,1,3,1,3
2,7500,1350,2,3,2,1,2,0,1
3,25000,1685,2,3,0,1,3,0,5
2,12500,1250,2,3,2,1,3,0,2
3,22000,1800,1,3,1,2,3,1,2
2,7500,853,2,3,1,1,2,4,5
3,42000,2000,1,3,1,2,3,4,17
1,8000,800,2,3,0,1,1,0,2
2,20000,1200,2,3,1,1,1,0,1
2,19000,1100,1,3,1,1,2,5,5
1,14000,550,1,3,2,0,1,1,5
2,18500,920,1,3,1,2,2,3,5
3,38000,1400,1,3,1,1,2,4,6
3,67000,2310,2,3,1,2,3,3,17
2,5000,650,2,3,2,2,2,2,3
1,25000,700,1,3,1,1,2,5,5
1,7000,300,2,3,2,1,1,1,3
4,10000,100,2,3,2,1,2,1,3
2,25000,1050,1,3,0,1,2,1,5
2,11000,1125,2,3,2,0,2,1,2
4,17000,1600,2,3,2,1,4,2,5
3,47000,2400,2,3,0,1,3,1,3
2,10000,650,2,3,2,1,2,3,5
1,7500,1000,2,3,2,1,1,0,2
2,10000,900,2,3,1,1,2,1,3
2,11000,1250,2,3,1,1,3,1,3
2,21000,1020,2,3,0,1,2,8,9
3,15000,1270,1,3,0,2,2,0,1
1,7500,600,2,3,2,1,1,3,4
1,6500,500,1,3,2,0,1,2,3
2,7500,800,2,3,1,1,2,2,2
3,15000,1500,2,3,2,1,2,2,4
2,11000,1200,2,3,1,1,2,2,3
3,23000,1900,1,3,1,1,3,1,2
2,11000,950,2,3,2,1,2,2,4
1,8000,300,2,3,1,1,1,1,3
2,13000,1250,2,3,2,1,2,0,1
2,17000,1200,2,3,2,0,2,2,4
2,16000,1100,2,3,1,1,2,2,4
2,12000,1100,2,3,1,1,2,2,4
2,20000,1500,2,3,1,1,2,1,2
3,18000,1400,2,3,1,1,2,4,5
3,50000,1742,1,3,1,2,3,11,35
2,23000,1250,1,3,1,1,2,2,4
1,16500,650,2,3,0,1,1,1,6
3,25000,1545,2,3,0,1,2,4,6
1,13000,700,1,3,2,1,2,1,2
2,12000,1600,2,3,2,1,2,1,5
3,37000,1700,2,3,0,1,3,0,15
2,6500,920,2,3,2,1,2,0,27
2,13000,1115,1,3,2,2,2,3,5
3,17500,1000,1,3,1,2,2,2,4
2,15000,1200,2,3,2,1,2,3,5
1,4000,500,2,3,2,1,1,2,3
3,15000,1850,2,3,1,1,2,1,1
1,9000,600,2,3,2,1,2,2,2
2,13000,200,1,3,2,2,2,3,3
3,25000,1500,2,3,1,1,3,1,4
3,37000,2100,2,3,1,1,3,10,20
3,25000,1250,2,3,1,1,3,1,3
1,13000,800,2,3,1,1,1,3,4
3,20000,1450,2,3,2,1,2,1,5
3,37000,1960,2,3,1,1,3,8,20
3,40000,1965,2,3,1,1,3,10,14
3,45000,1834,2,3,1,1,3,15,30
3,44000,1834,2,3,1,1,3,12,30
2,15000,1150,2,3,2,1,2,1,4
3,37000,1800,2,3,0,1,3,10,20
2,12000,1000,2,3,1,1,2,3,5
2,8000,1200,2,3,2,1,2,1,3
3,30000,2000,2,3,2,1,5,1,1
1,12000,700,2,3,1,1,1,3,4
1,6000,400,2,3,2,1,1,2,3
2,9500,1250,2,3,0,1,2,1,1
1,10000,500,2,3,2,1,1,1,3
3,16000,1550,2,3,2,1,3,1,4
2,20000,1000,2,3,2,1,2,2,4
2,10000,1200,1,3,2,2,2,1,2
2,13000,1200,1,3,2,1,2,2,3
2,17000,1200,1,3,1,0,2,5,5
2,15000,1800,2,3,1,1,2,0,1
2,10000,1100,2,3,0,2,2,5,5
3,25000,1650,1,3,1,0,2,3,4
3,15000,225,1,3,2,1,3,0,1
1,11000,550,2,3,0,1,1,4,6
1,7500,350,2,3,2,1,1,2,4
2,15000,600,2,3,2,1,1,1,2
1,7500,500,2,3,2,1,1,2,3
2,11000,1100,2,3,2,1,2,0,5
2,15000,1205,2,3,0,1,2,3,5
2,9500,1200,2,3,1,1,1,0,2
1,5000,540,2,3,1,1,1,2,3
3,20000,1800,1,3,1,1,4,2,2
1,8500,500,2,3,2,1,1,2,3
2,9000,1200,2,3,1,1,2,0,2
2,15000,1180,2,3,1,1,2,4,5
2,20000,1000,2,3,2,1,2,4,5
2,11500,675,1,3,2,0,2,3,3
3,13000,1450,2,3,2,1,2,2,5
1,11000,100,2,3,2,1,1,2,5
1,6000,500,1,3,2,0,1,1,3
2,15000,100,2,3,2,1,2,3,4
4,45000,2300,1,3,1,1,4,4,5
1,5000,300,2,3,2,1,1,0,2
1,6000,300,2,3,2,1,1,1,2
1,8000,800,1,3,2,1,1,3,3
2,15000,1280,2,3,2,1,3,0,1
2,10000,110,1,3,2,0,2,1,1
2,9000,920,2,3,1,1,2,4,4
2,16000,2000,2,3,2,1,2,0,3
2,16000,770,2,3,1,1,2,1,4
3,45000,3200,1,3,1,1,3,1,3
2,12000,1500,1,3,2,0,2,1,2
2,14500,1100,2,3,1,1,2,1,5
1,8000,450,2,3,2,1,1,3,3
6,80000,4500,2,3,1,1,6,1,2
2,15000,1300,1,3,1,1,2,2,4
1,15500,1000,1,3,1,1,1,2,5
2,8000,900,1,3,1,0,2,0,2
1,7500,400,2,3,2,1,1,2,3
3,15000,10,1,3,0,1,3,1,1
1,5000,450,2,3,2,1,1,1,2
2,10000,1300,2,3,2,1,2,2,3
2,16000,1000,2,3,0,1,2,4,5
2,15000,1300,1,3,1,0,2,0,1
1,6000,350,2,3,1,1,1,1,3
3,32000,1560,2,3,1,1,3,1,6
3,22000,1800,1,3,1,1,3,4,5
1,9000,600,1,3,1,1,1,1,4
2,12000,350,1,3,2,0,1,2,2
2,16000,1100,1,3,0,0,2,4,5
2,13000,1100,2,3,1,1,2,3,5
2,20000,1170,2,3,2,1,2,1,2
1,9000,550,1,3,2,1,1,-1,1
2,11000,1000,2,3,2,1,2,5,5
2,12500,1100,2,3,0,1,2,2,5
3,65000,2700,1,3,1,1,3,2,5
3,60000,2170,1,3,1,1,3,4,5
2,26000,1160,2,3,0,2,2,6,7
2,8000,800,2,3,0,1,2,1,6
2,14000,1200,2,3,2,1,2,2,3
3,15000,1422,2,3,1,1,3,4,7
2,15000,1200,2,3,1,1,2,0,2
2,7000,1200,2,3,2,1,2,1,1
2,16000,1080,1,3,1,1,2,3,5
2,17000,1050,1,3,1,1,2,3,3
2,18000,1100,1,3,1,1,2,3,5
2,20000,700,2,3,2,1,2,3,7
2,18000,1150,2,3,1,1,2,4,5
2,19000,1124,2,3,0,1,2,1,5
1,7000,650,2,3,1,1,1,3,3
2,10000,1125,1,3,2,0,2,2,3
2,9000,850,2,3,1,1,2,2,2
2,30000,1140,2,3,0,2,2,5,5
2,20000,1350,2,3,1,0,2,8,14
1,6500,600,2,3,2,1,1,2,3
2,9000,1050,2,3,2,1,2,0,1
3,20000,1100,2,3,1,1,3,2,5
2,8000,1200,2,3,1,1,2,0,3
3,22000,1450,2,3,1,1,2,2,6
2,17000,1000,2,3,1,2,2,5,5
1,7000,300,2,3,1,1,1,1,2
6,30000,4200,2,3,1,1,5,0,2
2,12000,1000,2,3,2,1,2,2,3
3,53000,2300,1,3,0,0,3,1,5
2,11000,900,2,3,2,1,2,0,2
1,7500,650,1,3,1,0,1,2,4
1,7500,850,1,3,1,0,1,3,5
2,12000,1300,2,3,1,1,2,2,3
2,12000,950,2,3,0,1,2,4,4
1,10500,150,1,3,2,1,1,3,6
2,6000,900,1,3,2,1,2,0,1
1,4500,50,2,3,2,1,1,4,5
2,25000,1200,2,3,2,2,2,3,4
2,13000,1350,2,3,2,1,2,2,3
1,6000,400,2,3,2,1,1,1,3
2,12500,800,2,3,2,1,2,5,7
3,26000,1450,2,3,1,1,2,4,4
3,60000,2405,2,3,1,0,3,10,14
3,35000,2500,2,3,2,1,2,2,2
4,16000,1000,2,3,1,1,2,1,3
2,12000,1200,2,3,2,1,2,1,3
3,20000,1600,1,3,1,2,3,1,2
2,12000,980,2,3,2,1,2,2,3
3,25000,1600,2,3,1,1,3,1,2
2,17000,1000,2,3,1,1,2,3,4
1,5500,40,2,3,2,1,1,0,2
1,8000,850,2,3,2,1,1,0,3
2,17000,840,2,3,0,1,2,3,5
2,15000,600,1,3,2,0,1,2,2
1,9000,650,2,3,0,1,1,1,3
2,16000,1100,2,3,0,2,2,2,5
3,30000,214,2,3,0,0,4,2,2
3,30000,1700,2,3,1,2,3,6,13
2,13000,1500,1,3,2,2,2,0,1
2,8000,600,2,3,2,1,2,1,4
2,13000,950,2,3,2,1,2,2,2
2,7000,900,2,3,2,1,1,0,2
1,5000,500,1,3,0,1,1,0,1
3,18000,1450,1,3,1,2,3,1,5
3,35000,1250,2,3,0,0,2,4,5
3,15000,1500,2,3,1,2,3,-1,1
3,15000,1500,2,3,1,1,3,-1,1
2,17000,855,1,3,2,0,2,4,5
2,25000,1040,1,3,2,0,2,2,4
2,12000,1350,2,3,2,1,2,2,2
2,15000,1000,1,3,1,1,2,3,5
3,29000,2000,2,3,1,1,3,1,4
3,35000,1750,1,3,1,1,3,3,5
3,45000,1500,1,3,1,2,2,23,34
2,15000,1000,1,3,2,0,2,4,5
